--------------------------------------------------------
--  File created - Wednesday-December-06-2023   
--------------------------------------------------------
--------------------------------------------------------
--  DDL for Table DEAN
--------------------------------------------------------

  CREATE TABLE "ASM312"."DEAN" 
   (	"UNIQUE_CODE" CHAR(9 BYTE)
   ) SEGMENT CREATION IMMEDIATE 
  PCTFREE 10 PCTUSED 40 INITRANS 1 MAXTRANS 255 
 NOCOMPRESS LOGGING
  STORAGE(INITIAL 65536 NEXT 1048576 MINEXTENTS 1 MAXEXTENTS 2147483645
  PCTINCREASE 0 FREELISTS 1 FREELIST GROUPS 1
  BUFFER_POOL DEFAULT FLASH_CACHE DEFAULT CELL_FLASH_CACHE DEFAULT)
  TABLESPACE "USERS" ;
--------------------------------------------------------
--  DDL for Table DEPARTMENT
--------------------------------------------------------

  CREATE TABLE "ASM312"."DEPARTMENT" 
   (	"UNIQUE_CODE" CHAR(3 BYTE), 
	"TITLE" VARCHAR2(20 BYTE), 
	"DEAN_UC" CHAR(9 BYTE)
   ) SEGMENT CREATION IMMEDIATE 
  PCTFREE 10 PCTUSED 40 INITRANS 1 MAXTRANS 255 
 NOCOMPRESS LOGGING
  STORAGE(INITIAL 65536 NEXT 1048576 MINEXTENTS 1 MAXEXTENTS 2147483645
  PCTINCREASE 0 FREELISTS 1 FREELIST GROUPS 1
  BUFFER_POOL DEFAULT FLASH_CACHE DEFAULT CELL_FLASH_CACHE DEFAULT)
  TABLESPACE "USERS" ;
--------------------------------------------------------
--  DDL for Table DOCTOR
--------------------------------------------------------

  CREATE TABLE "ASM312"."DOCTOR" 
   (	"UNIQUE_CODE" CHAR(9 BYTE)
   ) SEGMENT CREATION IMMEDIATE 
  PCTFREE 10 PCTUSED 40 INITRANS 1 MAXTRANS 255 
 NOCOMPRESS LOGGING
  STORAGE(INITIAL 65536 NEXT 1048576 MINEXTENTS 1 MAXEXTENTS 2147483645
  PCTINCREASE 0 FREELISTS 1 FREELIST GROUPS 1
  BUFFER_POOL DEFAULT FLASH_CACHE DEFAULT CELL_FLASH_CACHE DEFAULT)
  TABLESPACE "USERS" ;
--------------------------------------------------------
--  DDL for Table EMPLOYEE
--------------------------------------------------------

  CREATE TABLE "ASM312"."EMPLOYEE" 
   (	"UNIQUE_CODE" CHAR(9 BYTE), 
	"FNAME" VARCHAR2(15 BYTE), 
	"LNAME" VARCHAR2(15 BYTE), 
	"GENDER" CHAR(1 BYTE), 
	"ADDRESS" VARCHAR2(30 BYTE), 
	"START_DATE" DATE, 
	"SPECIALTY_NAME" VARCHAR2(20 BYTE), 
	"DEGREE_YEAR" NUMBER(*,0), 
	"DEPT_UC" CHAR(3 BYTE)
   ) SEGMENT CREATION IMMEDIATE 
  PCTFREE 10 PCTUSED 40 INITRANS 1 MAXTRANS 255 
 NOCOMPRESS LOGGING
  STORAGE(INITIAL 65536 NEXT 1048576 MINEXTENTS 1 MAXEXTENTS 2147483645
  PCTINCREASE 0 FREELISTS 1 FREELIST GROUPS 1
  BUFFER_POOL DEFAULT FLASH_CACHE DEFAULT CELL_FLASH_CACHE DEFAULT)
  TABLESPACE "USERS" ;
--------------------------------------------------------
--  DDL for Table EXAM_USE_MED
--------------------------------------------------------

  CREATE TABLE "ASM312"."EXAM_USE_MED" 
   (	"EXAM_ID" CHAR(10 BYTE), 
	"MED_ID" CHAR(6 BYTE), 
	"DOSAGE" NUMBER(*,0)
   ) SEGMENT CREATION IMMEDIATE 
  PCTFREE 10 PCTUSED 40 INITRANS 1 MAXTRANS 255 
 NOCOMPRESS LOGGING
  STORAGE(INITIAL 65536 NEXT 1048576 MINEXTENTS 1 MAXEXTENTS 2147483645
  PCTINCREASE 0 FREELISTS 1 FREELIST GROUPS 1
  BUFFER_POOL DEFAULT FLASH_CACHE DEFAULT CELL_FLASH_CACHE DEFAULT)
  TABLESPACE "USERS" ;
--------------------------------------------------------
--  DDL for Table EXAMINATION
--------------------------------------------------------

  CREATE TABLE "ASM312"."EXAMINATION" 
   (	"EXAM_ID" CHAR(10 BYTE), 
	"EXAMINATE_DATE" DATE, 
	"DIAGNOSIS" VARCHAR2(50 BYTE), 
	"RESULT" VARCHAR2(20 BYTE), 
	"NEXT_EX" DATE, 
	"FEE" NUMBER(10,2), 
	"RECORD_ID" CHAR(10 BYTE)
   ) SEGMENT CREATION IMMEDIATE 
  PCTFREE 10 PCTUSED 40 INITRANS 1 MAXTRANS 255 
 NOCOMPRESS LOGGING
  STORAGE(INITIAL 65536 NEXT 1048576 MINEXTENTS 1 MAXEXTENTS 2147483645
  PCTINCREASE 0 FREELISTS 1 FREELIST GROUPS 1
  BUFFER_POOL DEFAULT FLASH_CACHE DEFAULT CELL_FLASH_CACHE DEFAULT)
  TABLESPACE "USERS" ;
--------------------------------------------------------
--  DDL for Table EXAMINE
--------------------------------------------------------

  CREATE TABLE "ASM312"."EXAMINE" 
   (	"EXAM_ID" CHAR(10 BYTE), 
	"DOCTOR_ID" CHAR(9 BYTE), 
	"OP_ID" CHAR(7 BYTE)
   ) SEGMENT CREATION IMMEDIATE 
  PCTFREE 10 PCTUSED 40 INITRANS 1 MAXTRANS 255 
 NOCOMPRESS LOGGING
  STORAGE(INITIAL 65536 NEXT 1048576 MINEXTENTS 1 MAXEXTENTS 2147483645
  PCTINCREASE 0 FREELISTS 1 FREELIST GROUPS 1
  BUFFER_POOL DEFAULT FLASH_CACHE DEFAULT CELL_FLASH_CACHE DEFAULT)
  TABLESPACE "USERS" ;
--------------------------------------------------------
--  DDL for Table INPATIENT
--------------------------------------------------------

  CREATE TABLE "ASM312"."INPATIENT" 
   (	"ID" CHAR(7 BYTE), 
	"IPCODE" CHAR(9 BYTE), 
	"FNAME" VARCHAR2(15 BYTE), 
	"LNAME" VARCHAR2(15 BYTE), 
	"GENDER" CHAR(1 BYTE), 
	"ADDRESS" VARCHAR2(30 BYTE), 
	"DOB" DATE, 
	"PHONE_NO" NUMBER(10,0), 
	"NURSE_UC" CHAR(9 BYTE)
   ) SEGMENT CREATION IMMEDIATE 
  PCTFREE 10 PCTUSED 40 INITRANS 1 MAXTRANS 255 
 NOCOMPRESS LOGGING
  STORAGE(INITIAL 65536 NEXT 1048576 MINEXTENTS 1 MAXEXTENTS 2147483645
  PCTINCREASE 0 FREELISTS 1 FREELIST GROUPS 1
  BUFFER_POOL DEFAULT FLASH_CACHE DEFAULT CELL_FLASH_CACHE DEFAULT)
  TABLESPACE "USERS" ;
--------------------------------------------------------
--  DDL for Table INPATIENT_RECORD
--------------------------------------------------------

  CREATE TABLE "ASM312"."INPATIENT_RECORD" 
   (	"RECORD_ID" CHAR(10 BYTE), 
	"ADMISSION_DATE" DATE, 
	"DIAGNOSIS" VARCHAR2(50 BYTE), 
	"DISCHARGE_DATE" DATE, 
	"SICK_ROOM" NUMBER(3,0), 
	"TOTAL_FEE" NUMBER(10,2), 
	"IP_ID" CHAR(7 BYTE)
   ) SEGMENT CREATION IMMEDIATE 
  PCTFREE 10 PCTUSED 40 INITRANS 1 MAXTRANS 255 
 NOCOMPRESS LOGGING
  STORAGE(INITIAL 65536 NEXT 1048576 MINEXTENTS 1 MAXEXTENTS 2147483645
  PCTINCREASE 0 FREELISTS 1 FREELIST GROUPS 1
  BUFFER_POOL DEFAULT FLASH_CACHE DEFAULT CELL_FLASH_CACHE DEFAULT)
  TABLESPACE "USERS" ;
--------------------------------------------------------
--  DDL for Table MED_EFFECT
--------------------------------------------------------

  CREATE TABLE "ASM312"."MED_EFFECT" 
   (	"MED_UC" CHAR(6 BYTE), 
	"MED_EFFECT" VARCHAR2(30 BYTE)
   ) SEGMENT CREATION IMMEDIATE 
  PCTFREE 10 PCTUSED 40 INITRANS 1 MAXTRANS 255 
 NOCOMPRESS LOGGING
  STORAGE(INITIAL 65536 NEXT 1048576 MINEXTENTS 1 MAXEXTENTS 2147483645
  PCTINCREASE 0 FREELISTS 1 FREELIST GROUPS 1
  BUFFER_POOL DEFAULT FLASH_CACHE DEFAULT CELL_FLASH_CACHE DEFAULT)
  TABLESPACE "USERS" ;
--------------------------------------------------------
--  DDL for Table MEDICATION
--------------------------------------------------------

  CREATE TABLE "ASM312"."MEDICATION" 
   (	"UNIQUE_CODE" CHAR(6 BYTE), 
	"NAME" VARCHAR2(20 BYTE), 
	"CURRENT_PRICE" NUMBER(10,2), 
	"TOTAL_QUANTITY" NUMBER(*,0)
   ) SEGMENT CREATION IMMEDIATE 
  PCTFREE 10 PCTUSED 40 INITRANS 1 MAXTRANS 255 
 NOCOMPRESS LOGGING
  STORAGE(INITIAL 65536 NEXT 1048576 MINEXTENTS 1 MAXEXTENTS 2147483645
  PCTINCREASE 0 FREELISTS 1 FREELIST GROUPS 1
  BUFFER_POOL DEFAULT FLASH_CACHE DEFAULT CELL_FLASH_CACHE DEFAULT)
  TABLESPACE "USERS" ;
--------------------------------------------------------
--  DDL for Table MEDICINE
--------------------------------------------------------

  CREATE TABLE "ASM312"."MEDICINE" 
   (	"MED_ID" CHAR(10 BYTE), 
	"EXPIRATION_DATE" DATE, 
	"EXPIRED" CHAR(1 BYTE), 
	"BOX_QUANTITY" NUMBER(*,0), 
	"MEDICATION_UC" CHAR(6 BYTE)
   ) SEGMENT CREATION IMMEDIATE 
  PCTFREE 10 PCTUSED 40 INITRANS 1 MAXTRANS 255 
 NOCOMPRESS LOGGING
  STORAGE(INITIAL 65536 NEXT 1048576 MINEXTENTS 1 MAXEXTENTS 2147483645
  PCTINCREASE 0 FREELISTS 1 FREELIST GROUPS 1
  BUFFER_POOL DEFAULT FLASH_CACHE DEFAULT CELL_FLASH_CACHE DEFAULT)
  TABLESPACE "USERS" ;
--------------------------------------------------------
--  DDL for Table NURSE
--------------------------------------------------------

  CREATE TABLE "ASM312"."NURSE" 
   (	"UNIQUE_CODE" CHAR(9 BYTE)
   ) SEGMENT CREATION IMMEDIATE 
  PCTFREE 10 PCTUSED 40 INITRANS 1 MAXTRANS 255 
 NOCOMPRESS LOGGING
  STORAGE(INITIAL 65536 NEXT 1048576 MINEXTENTS 1 MAXEXTENTS 2147483645
  PCTINCREASE 0 FREELISTS 1 FREELIST GROUPS 1
  BUFFER_POOL DEFAULT FLASH_CACHE DEFAULT CELL_FLASH_CACHE DEFAULT)
  TABLESPACE "USERS" ;
--------------------------------------------------------
--  DDL for Table OUTPATIENT
--------------------------------------------------------

  CREATE TABLE "ASM312"."OUTPATIENT" 
   (	"ID" CHAR(7 BYTE), 
	"OPCODE" VARCHAR2(9 BYTE), 
	"FNAME" VARCHAR2(15 BYTE), 
	"LNAME" VARCHAR2(15 BYTE), 
	"GENDER" CHAR(1 BYTE), 
	"ADDRESS" VARCHAR2(30 BYTE), 
	"DOB" DATE, 
	"PHONE_NO" NUMBER(10,0)
   ) SEGMENT CREATION IMMEDIATE 
  PCTFREE 10 PCTUSED 40 INITRANS 1 MAXTRANS 255 
 NOCOMPRESS LOGGING
  STORAGE(INITIAL 65536 NEXT 1048576 MINEXTENTS 1 MAXEXTENTS 2147483645
  PCTINCREASE 0 FREELISTS 1 FREELIST GROUPS 1
  BUFFER_POOL DEFAULT FLASH_CACHE DEFAULT CELL_FLASH_CACHE DEFAULT)
  TABLESPACE "USERS" ;
--------------------------------------------------------
--  DDL for Table OUTPATIENT_RECORD
--------------------------------------------------------

  CREATE TABLE "ASM312"."OUTPATIENT_RECORD" 
   (	"RECORD_ID" CHAR(10 BYTE), 
	"TOTAL_FEE" NUMBER(10,2), 
	"OP_ID" CHAR(7 BYTE)
   ) SEGMENT CREATION IMMEDIATE 
  PCTFREE 10 PCTUSED 40 INITRANS 1 MAXTRANS 255 
 NOCOMPRESS LOGGING
  STORAGE(INITIAL 65536 NEXT 1048576 MINEXTENTS 1 MAXEXTENTS 2147483645
  PCTINCREASE 0 FREELISTS 1 FREELIST GROUPS 1
  BUFFER_POOL DEFAULT FLASH_CACHE DEFAULT CELL_FLASH_CACHE DEFAULT)
  TABLESPACE "USERS" ;
--------------------------------------------------------
--  DDL for Table PHONE_NUMBER
--------------------------------------------------------

  CREATE TABLE "ASM312"."PHONE_NUMBER" 
   (	"PHONE_NUM" NUMBER(10,0), 
	"EMP_UC" CHAR(9 BYTE)
   ) SEGMENT CREATION IMMEDIATE 
  PCTFREE 10 PCTUSED 40 INITRANS 1 MAXTRANS 255 
 NOCOMPRESS LOGGING
  STORAGE(INITIAL 65536 NEXT 1048576 MINEXTENTS 1 MAXEXTENTS 2147483645
  PCTINCREASE 0 FREELISTS 1 FREELIST GROUPS 1
  BUFFER_POOL DEFAULT FLASH_CACHE DEFAULT CELL_FLASH_CACHE DEFAULT)
  TABLESPACE "USERS" ;
--------------------------------------------------------
--  DDL for Table PROVIDE
--------------------------------------------------------

  CREATE TABLE "ASM312"."PROVIDE" 
   (	"MED_ID" CHAR(10 BYTE), 
	"PROV_NO" NUMBER(5,0), 
	"IMPORTTED_PRICE" NUMBER(10,2), 
	"IMPORTED_DATE" DATE, 
	"QUANTITY" NUMBER(*,0)
   ) SEGMENT CREATION IMMEDIATE 
  PCTFREE 10 PCTUSED 40 INITRANS 1 MAXTRANS 255 
 NOCOMPRESS LOGGING
  STORAGE(INITIAL 65536 NEXT 1048576 MINEXTENTS 1 MAXEXTENTS 2147483645
  PCTINCREASE 0 FREELISTS 1 FREELIST GROUPS 1
  BUFFER_POOL DEFAULT FLASH_CACHE DEFAULT CELL_FLASH_CACHE DEFAULT)
  TABLESPACE "USERS" ;
--------------------------------------------------------
--  DDL for Table PROVIDER
--------------------------------------------------------

  CREATE TABLE "ASM312"."PROVIDER" 
   (	"UNIQUE_NUMBER" NUMBER(5,0), 
	"NAME" VARCHAR2(15 BYTE), 
	"ADDRESS" VARCHAR2(30 BYTE), 
	"PHONE" NUMBER(10,0)
   ) SEGMENT CREATION IMMEDIATE 
  PCTFREE 10 PCTUSED 40 INITRANS 1 MAXTRANS 255 
 NOCOMPRESS LOGGING
  STORAGE(INITIAL 65536 NEXT 1048576 MINEXTENTS 1 MAXEXTENTS 2147483645
  PCTINCREASE 0 FREELISTS 1 FREELIST GROUPS 1
  BUFFER_POOL DEFAULT FLASH_CACHE DEFAULT CELL_FLASH_CACHE DEFAULT)
  TABLESPACE "USERS" ;
--------------------------------------------------------
--  DDL for Table TREAT
--------------------------------------------------------

  CREATE TABLE "ASM312"."TREAT" 
   (	"TREATMENT_ID" CHAR(10 BYTE), 
	"DOCTOR_ID" CHAR(9 BYTE), 
	"IP_ID" CHAR(7 BYTE)
   ) SEGMENT CREATION IMMEDIATE 
  PCTFREE 10 PCTUSED 40 INITRANS 1 MAXTRANS 255 
 NOCOMPRESS LOGGING
  STORAGE(INITIAL 65536 NEXT 1048576 MINEXTENTS 1 MAXEXTENTS 2147483645
  PCTINCREASE 0 FREELISTS 1 FREELIST GROUPS 1
  BUFFER_POOL DEFAULT FLASH_CACHE DEFAULT CELL_FLASH_CACHE DEFAULT)
  TABLESPACE "USERS" ;
--------------------------------------------------------
--  DDL for Table TREAT_USE_MED
--------------------------------------------------------

  CREATE TABLE "ASM312"."TREAT_USE_MED" 
   (	"TREATMENT_ID" CHAR(10 BYTE), 
	"MED_ID" CHAR(6 BYTE), 
	"DOSAGE" NUMBER(*,0)
   ) SEGMENT CREATION IMMEDIATE 
  PCTFREE 10 PCTUSED 40 INITRANS 1 MAXTRANS 255 
 NOCOMPRESS LOGGING
  STORAGE(INITIAL 65536 NEXT 1048576 MINEXTENTS 1 MAXEXTENTS 2147483645
  PCTINCREASE 0 FREELISTS 1 FREELIST GROUPS 1
  BUFFER_POOL DEFAULT FLASH_CACHE DEFAULT CELL_FLASH_CACHE DEFAULT)
  TABLESPACE "USERS" ;
--------------------------------------------------------
--  DDL for Table TREATMENT
--------------------------------------------------------

  CREATE TABLE "ASM312"."TREATMENT" 
   (	"TREATMENT_ID" CHAR(10 BYTE), 
	"RESULT" VARCHAR2(30 BYTE), 
	"START_DATE" DATE, 
	"END_DATE" DATE, 
	"RECORD_ID" CHAR(10 BYTE)
   ) SEGMENT CREATION IMMEDIATE 
  PCTFREE 10 PCTUSED 40 INITRANS 1 MAXTRANS 255 
 NOCOMPRESS LOGGING
  STORAGE(INITIAL 65536 NEXT 1048576 MINEXTENTS 1 MAXEXTENTS 2147483645
  PCTINCREASE 0 FREELISTS 1 FREELIST GROUPS 1
  BUFFER_POOL DEFAULT FLASH_CACHE DEFAULT CELL_FLASH_CACHE DEFAULT)
  TABLESPACE "USERS" ;
--------------------------------------------------------
--  DDL for Table USERS
--------------------------------------------------------

  CREATE TABLE "ASM312"."USERS" 
   (	"USERNAME" VARCHAR2(20 BYTE), 
	"PASSWORD" VARCHAR2(15 BYTE)
   ) SEGMENT CREATION IMMEDIATE 
  PCTFREE 10 PCTUSED 40 INITRANS 1 MAXTRANS 255 
 NOCOMPRESS LOGGING
  STORAGE(INITIAL 65536 NEXT 1048576 MINEXTENTS 1 MAXEXTENTS 2147483645
  PCTINCREASE 0 FREELISTS 1 FREELIST GROUPS 1
  BUFFER_POOL DEFAULT FLASH_CACHE DEFAULT CELL_FLASH_CACHE DEFAULT)
  TABLESPACE "USERS" ;
REM INSERTING into ASM312.DEAN
SET DEFINE OFF;
Insert into ASM312.DEAN (UNIQUE_CODE) values ('E00000011');
Insert into ASM312.DEAN (UNIQUE_CODE) values ('E00000012');
Insert into ASM312.DEAN (UNIQUE_CODE) values ('E00000013');
Insert into ASM312.DEAN (UNIQUE_CODE) values ('E00000014');
Insert into ASM312.DEAN (UNIQUE_CODE) values ('E00000015');
Insert into ASM312.DEAN (UNIQUE_CODE) values ('E00000016');
Insert into ASM312.DEAN (UNIQUE_CODE) values ('E00000017');
Insert into ASM312.DEAN (UNIQUE_CODE) values ('E00000018');
Insert into ASM312.DEAN (UNIQUE_CODE) values ('E00000019');
Insert into ASM312.DEAN (UNIQUE_CODE) values ('E00000020');
REM INSERTING into ASM312.DEPARTMENT
SET DEFINE OFF;
Insert into ASM312.DEPARTMENT (UNIQUE_CODE,TITLE,DEAN_UC) values ('IMD','Internal Medicine','E00000011');
Insert into ASM312.DEPARTMENT (UNIQUE_CODE,TITLE,DEAN_UC) values ('PED','Pediatrics','E00000012');
Insert into ASM312.DEPARTMENT (UNIQUE_CODE,TITLE,DEAN_UC) values ('SRG','Surgery','E00000013');
Insert into ASM312.DEPARTMENT (UNIQUE_CODE,TITLE,DEAN_UC) values ('CRD','Cardiology','E00000014');
Insert into ASM312.DEPARTMENT (UNIQUE_CODE,TITLE,DEAN_UC) values ('DER','Dermatology','E00000015');
Insert into ASM312.DEPARTMENT (UNIQUE_CODE,TITLE,DEAN_UC) values ('OBS','Obstetrics','E00000016');
Insert into ASM312.DEPARTMENT (UNIQUE_CODE,TITLE,DEAN_UC) values ('NEU','Neurology','E00000017');
Insert into ASM312.DEPARTMENT (UNIQUE_CODE,TITLE,DEAN_UC) values ('ORT','Orthopedics','E00000018');
Insert into ASM312.DEPARTMENT (UNIQUE_CODE,TITLE,DEAN_UC) values ('ONC','Oncology','E00000019');
Insert into ASM312.DEPARTMENT (UNIQUE_CODE,TITLE,DEAN_UC) values ('ENT','ENT','E00000020');
REM INSERTING into ASM312.DOCTOR
SET DEFINE OFF;
Insert into ASM312.DOCTOR (UNIQUE_CODE) values ('E00000001');
Insert into ASM312.DOCTOR (UNIQUE_CODE) values ('E00000002');
Insert into ASM312.DOCTOR (UNIQUE_CODE) values ('E00000003');
Insert into ASM312.DOCTOR (UNIQUE_CODE) values ('E00000004');
Insert into ASM312.DOCTOR (UNIQUE_CODE) values ('E00000005');
Insert into ASM312.DOCTOR (UNIQUE_CODE) values ('E00000006');
Insert into ASM312.DOCTOR (UNIQUE_CODE) values ('E00000007');
Insert into ASM312.DOCTOR (UNIQUE_CODE) values ('E00000008');
Insert into ASM312.DOCTOR (UNIQUE_CODE) values ('E00000009');
Insert into ASM312.DOCTOR (UNIQUE_CODE) values ('E00000010');
Insert into ASM312.DOCTOR (UNIQUE_CODE) values ('E00000011');
Insert into ASM312.DOCTOR (UNIQUE_CODE) values ('E00000012');
Insert into ASM312.DOCTOR (UNIQUE_CODE) values ('E00000013');
Insert into ASM312.DOCTOR (UNIQUE_CODE) values ('E00000014');
Insert into ASM312.DOCTOR (UNIQUE_CODE) values ('E00000015');
Insert into ASM312.DOCTOR (UNIQUE_CODE) values ('E00000016');
Insert into ASM312.DOCTOR (UNIQUE_CODE) values ('E00000017');
Insert into ASM312.DOCTOR (UNIQUE_CODE) values ('E00000018');
Insert into ASM312.DOCTOR (UNIQUE_CODE) values ('E00000019');
Insert into ASM312.DOCTOR (UNIQUE_CODE) values ('E00000020');
REM INSERTING into ASM312.EMPLOYEE
SET DEFINE OFF;
Insert into ASM312.EMPLOYEE (UNIQUE_CODE,FNAME,LNAME,GENDER,ADDRESS,START_DATE,SPECIALTY_NAME,DEGREE_YEAR,DEPT_UC) values ('E00000001','Nguyen','Van A','M','731 Fondren, Houston, TX',to_date('15-JAN-18','DD-MON-RR'),'Internal Medicine',2018,'IMD');
Insert into ASM312.EMPLOYEE (UNIQUE_CODE,FNAME,LNAME,GENDER,ADDRESS,START_DATE,SPECIALTY_NAME,DEGREE_YEAR,DEPT_UC) values ('E00000002','Emily','Johnson','F','638 Voss, Houston, TX',to_date('20-MAY-20','DD-MON-RR'),'Pediatrics',2020,'PED');
Insert into ASM312.EMPLOYEE (UNIQUE_CODE,FNAME,LNAME,GENDER,ADDRESS,START_DATE,SPECIALTY_NAME,DEGREE_YEAR,DEPT_UC) values ('E00000003','David','Williams','M','845 Main, Austin, TX',to_date('10-NOV-19','DD-MON-RR'),'Surgery',2019,'SRG');
Insert into ASM312.EMPLOYEE (UNIQUE_CODE,FNAME,LNAME,GENDER,ADDRESS,START_DATE,SPECIALTY_NAME,DEGREE_YEAR,DEPT_UC) values ('E00000004','Sarah','Brown','F','456 Allen, Dallas, TX',to_date('03-AUG-18','DD-MON-RR'),'Cardiology',2021,'CRD');
Insert into ASM312.EMPLOYEE (UNIQUE_CODE,FNAME,LNAME,GENDER,ADDRESS,START_DATE,SPECIALTY_NAME,DEGREE_YEAR,DEPT_UC) values ('E00000005','Michael','Davis','M','221 Oak, San Antonio, TX',to_date('25-MAR-17','DD-MON-RR'),'Dermatology',2017,'DER');
Insert into ASM312.EMPLOYEE (UNIQUE_CODE,FNAME,LNAME,GENDER,ADDRESS,START_DATE,SPECIALTY_NAME,DEGREE_YEAR,DEPT_UC) values ('E00000006','Olivia','Miller','F','932 Elm, Fort Worth, TX',to_date('14-SEP-20','DD-MON-RR'),'Obstetrics',2020,'OBS');
Insert into ASM312.EMPLOYEE (UNIQUE_CODE,FNAME,LNAME,GENDER,ADDRESS,START_DATE,SPECIALTY_NAME,DEGREE_YEAR,DEPT_UC) values ('E00000007','James','Garcia','M','567 Pine, Houston, TX',to_date('28-FEB-18','DD-MON-RR'),'Neurology',2018,'NEU');
Insert into ASM312.EMPLOYEE (UNIQUE_CODE,FNAME,LNAME,GENDER,ADDRESS,START_DATE,SPECIALTY_NAME,DEGREE_YEAR,DEPT_UC) values ('E00000008','Sophia','Martinez','F','763 Walnut, Dallas, TX',to_date('19-JUL-19','DD-MON-RR'),'Orthopedics',2019,'ORT');
Insert into ASM312.EMPLOYEE (UNIQUE_CODE,FNAME,LNAME,GENDER,ADDRESS,START_DATE,SPECIALTY_NAME,DEGREE_YEAR,DEPT_UC) values ('E00000009','Daniel','Lopez','M','321 Sycamore, Austin, TX',to_date('30-JUN-20','DD-MON-RR'),'Oncology',2020,'ONC');
Insert into ASM312.EMPLOYEE (UNIQUE_CODE,FNAME,LNAME,GENDER,ADDRESS,START_DATE,SPECIALTY_NAME,DEGREE_YEAR,DEPT_UC) values ('E00000010','Chloe','Gonzalez','F','127 Oakwood, San Antonio, TX',to_date('12-APR-17','DD-MON-RR'),'ENT',2017,'ENT');
Insert into ASM312.EMPLOYEE (UNIQUE_CODE,FNAME,LNAME,GENDER,ADDRESS,START_DATE,SPECIALTY_NAME,DEGREE_YEAR,DEPT_UC) values ('E00000011','William','Wilson','M','899 Cedarwood, Dallas, TX',to_date('05-OCT-15','DD-MON-RR'),'Internal Medicine',2015,'IMD');
Insert into ASM312.EMPLOYEE (UNIQUE_CODE,FNAME,LNAME,GENDER,ADDRESS,START_DATE,SPECIALTY_NAME,DEGREE_YEAR,DEPT_UC) values ('E00000012','Ava','Anderson','F','543 Maplewood, Austin, TX',to_date('20-DEC-16','DD-MON-RR'),'Pediatrics',2016,'PED');
Insert into ASM312.EMPLOYEE (UNIQUE_CODE,FNAME,LNAME,GENDER,ADDRESS,START_DATE,SPECIALTY_NAME,DEGREE_YEAR,DEPT_UC) values ('E00000013','Tran','Van B','M','775 Birchwood, Houston, TX',to_date('08-SEP-16','DD-MON-RR'),'Surgery',2016,'SRG');
Insert into ASM312.EMPLOYEE (UNIQUE_CODE,FNAME,LNAME,GENDER,ADDRESS,START_DATE,SPECIALTY_NAME,DEGREE_YEAR,DEPT_UC) values ('E00000014','Mia','Hernandez','F','623 Elmwood, San Antonio, TX',to_date('17-APR-15','DD-MON-RR'),'Cardiology',2015,'CRD');
Insert into ASM312.EMPLOYEE (UNIQUE_CODE,FNAME,LNAME,GENDER,ADDRESS,START_DATE,SPECIALTY_NAME,DEGREE_YEAR,DEPT_UC) values ('E00000015','Noah','Nelson','M','881 Pinewood, Fort Worth, TX',to_date('02-MAR-18','DD-MON-RR'),'Dermatology',2018,'DER');
Insert into ASM312.EMPLOYEE (UNIQUE_CODE,FNAME,LNAME,GENDER,ADDRESS,START_DATE,SPECIALTY_NAME,DEGREE_YEAR,DEPT_UC) values ('E00000016','Emma','Walker','F','357 Walnutwood, Dallas, TX',to_date('28-NOV-14','DD-MON-RR'),'Obstetrics',2014,'OBS');
Insert into ASM312.EMPLOYEE (UNIQUE_CODE,FNAME,LNAME,GENDER,ADDRESS,START_DATE,SPECIALTY_NAME,DEGREE_YEAR,DEPT_UC) values ('E00000017','Liam','Hill','M','444 Oakhill, Austin, TX',to_date('14-JUN-17','DD-MON-RR'),'Neurology',2017,'NEU');
Insert into ASM312.EMPLOYEE (UNIQUE_CODE,FNAME,LNAME,GENDER,ADDRESS,START_DATE,SPECIALTY_NAME,DEGREE_YEAR,DEPT_UC) values ('E00000018','Isabella','Scott','F','555 Birchhill, Houston, TX',to_date('07-AUG-16','DD-MON-RR'),'Orthopedics',2016,'ORT');
Insert into ASM312.EMPLOYEE (UNIQUE_CODE,FNAME,LNAME,GENDER,ADDRESS,START_DATE,SPECIALTY_NAME,DEGREE_YEAR,DEPT_UC) values ('E00000019','Ella','Green','F','223 Cedarhill, San Antonio, TX',to_date('19-FEB-17','DD-MON-RR'),'Oncology',2017,'ONC');
Insert into ASM312.EMPLOYEE (UNIQUE_CODE,FNAME,LNAME,GENDER,ADDRESS,START_DATE,SPECIALTY_NAME,DEGREE_YEAR,DEPT_UC) values ('E00000020','Mason','Adams','M','999 Pinewood, Dallas, TX',to_date('03-JAN-18','DD-MON-RR'),'ENT',2018,'ENT');
Insert into ASM312.EMPLOYEE (UNIQUE_CODE,FNAME,LNAME,GENDER,ADDRESS,START_DATE,SPECIALTY_NAME,DEGREE_YEAR,DEPT_UC) values ('E00000021','Lucy','Baker','F','123 Elm St, Houston, TX',to_date('28-FEB-19','DD-MON-RR'),'Internal Medicine',2019,'IMD');
Insert into ASM312.EMPLOYEE (UNIQUE_CODE,FNAME,LNAME,GENDER,ADDRESS,START_DATE,SPECIALTY_NAME,DEGREE_YEAR,DEPT_UC) values ('E00000022','Jackson','Clark','M','456 Oak St, Austin, TX',to_date('15-JUL-19','DD-MON-RR'),'Pediatrics',2018,'PED');
Insert into ASM312.EMPLOYEE (UNIQUE_CODE,FNAME,LNAME,GENDER,ADDRESS,START_DATE,SPECIALTY_NAME,DEGREE_YEAR,DEPT_UC) values ('E00000023','Grace','Evans','F','789 Main St, Dallas, TX',to_date('10-OCT-19','DD-MON-RR'),'Surgery',2018,'SRG');
Insert into ASM312.EMPLOYEE (UNIQUE_CODE,FNAME,LNAME,GENDER,ADDRESS,START_DATE,SPECIALTY_NAME,DEGREE_YEAR,DEPT_UC) values ('E00000024','Henry','Ford','M','987 Maple St, San Antonio, TX',to_date('20-APR-19','DD-MON-RR'),'Cardiology',2018,'CRD');
Insert into ASM312.EMPLOYEE (UNIQUE_CODE,FNAME,LNAME,GENDER,ADDRESS,START_DATE,SPECIALTY_NAME,DEGREE_YEAR,DEPT_UC) values ('E00000025','Luna','Gomez','F','231 Oak St, Houston, TX',to_date('15-JAN-19','DD-MON-RR'),'Dermatology',2018,'DER');
Insert into ASM312.EMPLOYEE (UNIQUE_CODE,FNAME,LNAME,GENDER,ADDRESS,START_DATE,SPECIALTY_NAME,DEGREE_YEAR,DEPT_UC) values ('E00000026','Mateo','Harris','M','543 Cedar St, Austin, TX',to_date('31-DEC-18','DD-MON-RR'),'Obstetrics',2018,'OBS');
Insert into ASM312.EMPLOYEE (UNIQUE_CODE,FNAME,LNAME,GENDER,ADDRESS,START_DATE,SPECIALTY_NAME,DEGREE_YEAR,DEPT_UC) values ('E00000027','Nora','Irwin','F','777 Pine St, Dallas, TX',to_date('25-AUG-18','DD-MON-RR'),'Neurology',2018,'NEU');
Insert into ASM312.EMPLOYEE (UNIQUE_CODE,FNAME,LNAME,GENDER,ADDRESS,START_DATE,SPECIALTY_NAME,DEGREE_YEAR,DEPT_UC) values ('E00000028','Oscar','Johnson','M','999 Maple St, San Antonio, TX',to_date('11-NOV-17','DD-MON-RR'),'Orthopedics',2017,'ORT');
Insert into ASM312.EMPLOYEE (UNIQUE_CODE,FNAME,LNAME,GENDER,ADDRESS,START_DATE,SPECIALTY_NAME,DEGREE_YEAR,DEPT_UC) values ('E00000029','Penelope','Kane','F','111 Elm St, Houston, TX',to_date('19-MAR-18','DD-MON-RR'),'Oncology',2017,'ONC');
Insert into ASM312.EMPLOYEE (UNIQUE_CODE,FNAME,LNAME,GENDER,ADDRESS,START_DATE,SPECIALTY_NAME,DEGREE_YEAR,DEPT_UC) values ('E00000030','Le','Van C','M','456 Oak St, Austin, TX',to_date('22-NOV-17','DD-MON-RR'),'ENT',2017,'ENT');
REM INSERTING into ASM312.EXAM_USE_MED
SET DEFINE OFF;
Insert into ASM312.EXAM_USE_MED (EXAM_ID,MED_ID,DOSAGE) values ('E000000001','AML010',1);
Insert into ASM312.EXAM_USE_MED (EXAM_ID,MED_ID,DOSAGE) values ('E000000002','ATV006',2);
Insert into ASM312.EXAM_USE_MED (EXAM_ID,MED_ID,DOSAGE) values ('E000000003','AZI011',1);
Insert into ASM312.EXAM_USE_MED (EXAM_ID,MED_ID,DOSAGE) values ('E000000004','CIP012',4);
Insert into ASM312.EXAM_USE_MED (EXAM_ID,MED_ID,DOSAGE) values ('E000000005','IBU002',3);
Insert into ASM312.EXAM_USE_MED (EXAM_ID,MED_ID,DOSAGE) values ('E000000006','LIS008',8);
Insert into ASM312.EXAM_USE_MED (EXAM_ID,MED_ID,DOSAGE) values ('E000000007','MET007',1);
Insert into ASM312.EXAM_USE_MED (EXAM_ID,MED_ID,DOSAGE) values ('E000000008','OMP005',3);
Insert into ASM312.EXAM_USE_MED (EXAM_ID,MED_ID,DOSAGE) values ('E000000009','PRD013',2);
Insert into ASM312.EXAM_USE_MED (EXAM_ID,MED_ID,DOSAGE) values ('E000000010','RNT014',2);
Insert into ASM312.EXAM_USE_MED (EXAM_ID,MED_ID,DOSAGE) values ('E000000011','SIM009',1);
Insert into ASM312.EXAM_USE_MED (EXAM_ID,MED_ID,DOSAGE) values ('E000000012','AML010',5);
Insert into ASM312.EXAM_USE_MED (EXAM_ID,MED_ID,DOSAGE) values ('E000000013','ATV006',1);
Insert into ASM312.EXAM_USE_MED (EXAM_ID,MED_ID,DOSAGE) values ('E000000014','AZI011',3);
Insert into ASM312.EXAM_USE_MED (EXAM_ID,MED_ID,DOSAGE) values ('E000000015','CIP012',2);
Insert into ASM312.EXAM_USE_MED (EXAM_ID,MED_ID,DOSAGE) values ('E000000016','IBU002',3);
Insert into ASM312.EXAM_USE_MED (EXAM_ID,MED_ID,DOSAGE) values ('E000000017','LIS008',6);
Insert into ASM312.EXAM_USE_MED (EXAM_ID,MED_ID,DOSAGE) values ('E000000018','MET007',1);
Insert into ASM312.EXAM_USE_MED (EXAM_ID,MED_ID,DOSAGE) values ('E000000019','OMP005',2);
Insert into ASM312.EXAM_USE_MED (EXAM_ID,MED_ID,DOSAGE) values ('E000000020','PRD013',2);
Insert into ASM312.EXAM_USE_MED (EXAM_ID,MED_ID,DOSAGE) values ('E000000021','AMX004',3);
Insert into ASM312.EXAM_USE_MED (EXAM_ID,MED_ID,DOSAGE) values ('E000000022','ASP003',1);
Insert into ASM312.EXAM_USE_MED (EXAM_ID,MED_ID,DOSAGE) values ('E000000023','MET015',4);
Insert into ASM312.EXAM_USE_MED (EXAM_ID,MED_ID,DOSAGE) values ('E000000024','PAR001',1);
Insert into ASM312.EXAM_USE_MED (EXAM_ID,MED_ID,DOSAGE) values ('E000000025','RNT014',2);
Insert into ASM312.EXAM_USE_MED (EXAM_ID,MED_ID,DOSAGE) values ('E000000026','RNT014',4);
Insert into ASM312.EXAM_USE_MED (EXAM_ID,MED_ID,DOSAGE) values ('E000000027','ATV006',3);
Insert into ASM312.EXAM_USE_MED (EXAM_ID,MED_ID,DOSAGE) values ('E000000028','LIS008',3);
Insert into ASM312.EXAM_USE_MED (EXAM_ID,MED_ID,DOSAGE) values ('E000000029','CIP012',1);
Insert into ASM312.EXAM_USE_MED (EXAM_ID,MED_ID,DOSAGE) values ('E000000030','IBU002',2);
REM INSERTING into ASM312.EXAMINATION
SET DEFINE OFF;
Insert into ASM312.EXAMINATION (EXAM_ID,EXAMINATE_DATE,DIAGNOSIS,RESULT,NEXT_EX,FEE,RECORD_ID) values ('E000000001',to_date('15-JAN-23','DD-MON-RR'),'Blood Test','Normal',to_date('25-JAN-23','DD-MON-RR'),150,'OR00000001');
Insert into ASM312.EXAMINATION (EXAM_ID,EXAMINATE_DATE,DIAGNOSIS,RESULT,NEXT_EX,FEE,RECORD_ID) values ('E000000002',to_date('20-FEB-23','DD-MON-RR'),'X-Ray','Abnormal Findings',to_date('28-FEB-23','DD-MON-RR'),180,'OR00000002');
Insert into ASM312.EXAMINATION (EXAM_ID,EXAMINATE_DATE,DIAGNOSIS,RESULT,NEXT_EX,FEE,RECORD_ID) values ('E000000003',to_date('10-MAR-23','DD-MON-RR'),'MRI Scan','Positive',to_date('15-MAR-23','DD-MON-RR'),250,'OR00000003');
Insert into ASM312.EXAMINATION (EXAM_ID,EXAMINATE_DATE,DIAGNOSIS,RESULT,NEXT_EX,FEE,RECORD_ID) values ('E000000004',to_date('05-APR-23','DD-MON-RR'),'Ultrasound','Normal',to_date('15-APR-23','DD-MON-RR'),200,'OR00000004');
Insert into ASM312.EXAMINATION (EXAM_ID,EXAMINATE_DATE,DIAGNOSIS,RESULT,NEXT_EX,FEE,RECORD_ID) values ('E000000005',to_date('18-MAY-23','DD-MON-RR'),'EKG','Inconclusive',to_date('25-MAY-23','DD-MON-RR'),120,'OR00000005');
Insert into ASM312.EXAMINATION (EXAM_ID,EXAMINATE_DATE,DIAGNOSIS,RESULT,NEXT_EX,FEE,RECORD_ID) values ('E000000006',to_date('22-JUN-23','DD-MON-RR'),'CT Scan','Positive',to_date('30-JUN-23','DD-MON-RR'),300,'OR00000006');
Insert into ASM312.EXAMINATION (EXAM_ID,EXAMINATE_DATE,DIAGNOSIS,RESULT,NEXT_EX,FEE,RECORD_ID) values ('E000000007',to_date('12-JUL-23','DD-MON-RR'),'Physical Exam','Normal',to_date('20-JUL-23','DD-MON-RR'),80,'OR00000007');
Insert into ASM312.EXAMINATION (EXAM_ID,EXAMINATE_DATE,DIAGNOSIS,RESULT,NEXT_EX,FEE,RECORD_ID) values ('E000000008',to_date('30-AUG-23','DD-MON-RR'),'Colonoscopy','Negative',to_date('10-SEP-23','DD-MON-RR'),350,'OR00000008');
Insert into ASM312.EXAMINATION (EXAM_ID,EXAMINATE_DATE,DIAGNOSIS,RESULT,NEXT_EX,FEE,RECORD_ID) values ('E000000009',to_date('25-SEP-23','DD-MON-RR'),'Endoscopy','Positive',to_date('05-OCT-23','DD-MON-RR'),320,'OR00000009');
Insert into ASM312.EXAMINATION (EXAM_ID,EXAMINATE_DATE,DIAGNOSIS,RESULT,NEXT_EX,FEE,RECORD_ID) values ('E000000010',to_date('08-OCT-23','DD-MON-RR'),'Biopsy','Negative',to_date('15-OCT-23','DD-MON-RR'),280,'OR00000010');
Insert into ASM312.EXAMINATION (EXAM_ID,EXAMINATE_DATE,DIAGNOSIS,RESULT,NEXT_EX,FEE,RECORD_ID) values ('E000000011',to_date('15-JAN-23','DD-MON-RR'),'Blood Test','Normal',null,150,'OR00000011');
Insert into ASM312.EXAMINATION (EXAM_ID,EXAMINATE_DATE,DIAGNOSIS,RESULT,NEXT_EX,FEE,RECORD_ID) values ('E000000012',to_date('20-FEB-23','DD-MON-RR'),'X-Ray','Negative',null,180,'OR00000012');
Insert into ASM312.EXAMINATION (EXAM_ID,EXAMINATE_DATE,DIAGNOSIS,RESULT,NEXT_EX,FEE,RECORD_ID) values ('E000000013',to_date('10-MAR-23','DD-MON-RR'),'MRI Scan','Positive',null,250,'OR00000013');
Insert into ASM312.EXAMINATION (EXAM_ID,EXAMINATE_DATE,DIAGNOSIS,RESULT,NEXT_EX,FEE,RECORD_ID) values ('E000000014',to_date('05-APR-23','DD-MON-RR'),'Ultrasound','Normal',null,200,'OR00000014');
Insert into ASM312.EXAMINATION (EXAM_ID,EXAMINATE_DATE,DIAGNOSIS,RESULT,NEXT_EX,FEE,RECORD_ID) values ('E000000015',to_date('18-MAY-23','DD-MON-RR'),'EKG','Negative',null,120,'OR00000015');
Insert into ASM312.EXAMINATION (EXAM_ID,EXAMINATE_DATE,DIAGNOSIS,RESULT,NEXT_EX,FEE,RECORD_ID) values ('E000000016',to_date('22-JUN-23','DD-MON-RR'),'CT Scan','Positive',null,300,'OR00000016');
Insert into ASM312.EXAMINATION (EXAM_ID,EXAMINATE_DATE,DIAGNOSIS,RESULT,NEXT_EX,FEE,RECORD_ID) values ('E000000017',to_date('12-JUL-23','DD-MON-RR'),'Physical Exam','Normal',null,80,'OR00000017');
Insert into ASM312.EXAMINATION (EXAM_ID,EXAMINATE_DATE,DIAGNOSIS,RESULT,NEXT_EX,FEE,RECORD_ID) values ('E000000018',to_date('30-AUG-23','DD-MON-RR'),'Colonoscopy','Negative',null,350,'OR00000018');
Insert into ASM312.EXAMINATION (EXAM_ID,EXAMINATE_DATE,DIAGNOSIS,RESULT,NEXT_EX,FEE,RECORD_ID) values ('E000000019',to_date('25-SEP-23','DD-MON-RR'),'Endoscopy','Positive',null,320,'OR00000019');
Insert into ASM312.EXAMINATION (EXAM_ID,EXAMINATE_DATE,DIAGNOSIS,RESULT,NEXT_EX,FEE,RECORD_ID) values ('E000000020',to_date('08-OCT-23','DD-MON-RR'),'Biopsy','Negative',null,280,'OR00000020');
Insert into ASM312.EXAMINATION (EXAM_ID,EXAMINATE_DATE,DIAGNOSIS,RESULT,NEXT_EX,FEE,RECORD_ID) values ('E000000021',to_date('05-JAN-23','DD-MON-RR'),'Blood Test','Normal',to_date('10-JAN-23','DD-MON-RR'),150,'OR00000021');
Insert into ASM312.EXAMINATION (EXAM_ID,EXAMINATE_DATE,DIAGNOSIS,RESULT,NEXT_EX,FEE,RECORD_ID) values ('E000000022',to_date('12-FEB-23','DD-MON-RR'),'X-Ray','Negative',to_date('20-FEB-23','DD-MON-RR'),180,'OR00000022');
Insert into ASM312.EXAMINATION (EXAM_ID,EXAMINATE_DATE,DIAGNOSIS,RESULT,NEXT_EX,FEE,RECORD_ID) values ('E000000023',to_date('20-MAR-23','DD-MON-RR'),'MRI Scan','Positive',to_date('25-MAR-23','DD-MON-RR'),250,'OR00000023');
Insert into ASM312.EXAMINATION (EXAM_ID,EXAMINATE_DATE,DIAGNOSIS,RESULT,NEXT_EX,FEE,RECORD_ID) values ('E000000024',to_date('15-APR-23','DD-MON-RR'),'Ultrasound','Normal',to_date('25-APR-23','DD-MON-RR'),200,'OR00000024');
Insert into ASM312.EXAMINATION (EXAM_ID,EXAMINATE_DATE,DIAGNOSIS,RESULT,NEXT_EX,FEE,RECORD_ID) values ('E000000025',to_date('28-MAY-23','DD-MON-RR'),'EKG','Abnormal Findings',to_date('05-JUN-23','DD-MON-RR'),120,'OR00000025');
Insert into ASM312.EXAMINATION (EXAM_ID,EXAMINATE_DATE,DIAGNOSIS,RESULT,NEXT_EX,FEE,RECORD_ID) values ('E000000026',to_date('15-JUN-23','DD-MON-RR'),'Blood Pressure Check','Normal',to_date('20-JUN-23','DD-MON-RR'),90,'OR00000001');
Insert into ASM312.EXAMINATION (EXAM_ID,EXAMINATE_DATE,DIAGNOSIS,RESULT,NEXT_EX,FEE,RECORD_ID) values ('E000000027',to_date('10-JUL-23','DD-MON-RR'),'Colonoscopy','Abnormal Findings',to_date('18-JUL-23','DD-MON-RR'),320,'OR00000002');
Insert into ASM312.EXAMINATION (EXAM_ID,EXAMINATE_DATE,DIAGNOSIS,RESULT,NEXT_EX,FEE,RECORD_ID) values ('E000000028',to_date('22-AUG-23','DD-MON-RR'),'Stress Test','Negative',to_date('30-AUG-23','DD-MON-RR'),200,'OR00000003');
Insert into ASM312.EXAMINATION (EXAM_ID,EXAMINATE_DATE,DIAGNOSIS,RESULT,NEXT_EX,FEE,RECORD_ID) values ('E000000029',to_date('05-SEP-23','DD-MON-RR'),'Allergy Test','Positive',to_date('12-SEP-23','DD-MON-RR'),180,'OR00000004');
Insert into ASM312.EXAMINATION (EXAM_ID,EXAMINATE_DATE,DIAGNOSIS,RESULT,NEXT_EX,FEE,RECORD_ID) values ('E000000030',to_date('18-OCT-23','DD-MON-RR'),'CT Scan','Normal',to_date('25-OCT-23','DD-MON-RR'),280,'OR00000005');
REM INSERTING into ASM312.EXAMINE
SET DEFINE OFF;
Insert into ASM312.EXAMINE (EXAM_ID,DOCTOR_ID,OP_ID) values ('E000000001','E00000001','1643985');
Insert into ASM312.EXAMINE (EXAM_ID,DOCTOR_ID,OP_ID) values ('E000000002','E00000002','1937425');
Insert into ASM312.EXAMINE (EXAM_ID,DOCTOR_ID,OP_ID) values ('E000000003','E00000003','2165483');
Insert into ASM312.EXAMINE (EXAM_ID,DOCTOR_ID,OP_ID) values ('E000000004','E00000004','2948165');
Insert into ASM312.EXAMINE (EXAM_ID,DOCTOR_ID,OP_ID) values ('E000000005','E00000005','3276154');
Insert into ASM312.EXAMINE (EXAM_ID,DOCTOR_ID,OP_ID) values ('E000000006','E00000006','3851247');
Insert into ASM312.EXAMINE (EXAM_ID,DOCTOR_ID,OP_ID) values ('E000000007','E00000007','4296138');
Insert into ASM312.EXAMINE (EXAM_ID,DOCTOR_ID,OP_ID) values ('E000000008','E00000008','5134289');
Insert into ASM312.EXAMINE (EXAM_ID,DOCTOR_ID,OP_ID) values ('E000000009','E00000009','5183497');
Insert into ASM312.EXAMINE (EXAM_ID,DOCTOR_ID,OP_ID) values ('E000000010','E00000010','6192358');
Insert into ASM312.EXAMINE (EXAM_ID,DOCTOR_ID,OP_ID) values ('E000000011','E00000011','6314789');
Insert into ASM312.EXAMINE (EXAM_ID,DOCTOR_ID,OP_ID) values ('E000000012','E00000012','7491832');
Insert into ASM312.EXAMINE (EXAM_ID,DOCTOR_ID,OP_ID) values ('E000000013','E00000013','7523164');
Insert into ASM312.EXAMINE (EXAM_ID,DOCTOR_ID,OP_ID) values ('E000000014','E00000014','7651234');
Insert into ASM312.EXAMINE (EXAM_ID,DOCTOR_ID,OP_ID) values ('E000000015','E00000015','1643985');
Insert into ASM312.EXAMINE (EXAM_ID,DOCTOR_ID,OP_ID) values ('E000000016','E00000016','7712443');
Insert into ASM312.EXAMINE (EXAM_ID,DOCTOR_ID,OP_ID) values ('E000000017','E00000017','8246761');
Insert into ASM312.EXAMINE (EXAM_ID,DOCTOR_ID,OP_ID) values ('E000000018','E00000018','8439516');
Insert into ASM312.EXAMINE (EXAM_ID,DOCTOR_ID,OP_ID) values ('E000000019','E00000019','8497213');
Insert into ASM312.EXAMINE (EXAM_ID,DOCTOR_ID,OP_ID) values ('E000000020','E00000020','9483127');
Insert into ASM312.EXAMINE (EXAM_ID,DOCTOR_ID,OP_ID) values ('E000000021','E00000001','4296138');
Insert into ASM312.EXAMINE (EXAM_ID,DOCTOR_ID,OP_ID) values ('E000000022','E00000002','3276154');
Insert into ASM312.EXAMINE (EXAM_ID,DOCTOR_ID,OP_ID) values ('E000000023','E00000003','3851247');
Insert into ASM312.EXAMINE (EXAM_ID,DOCTOR_ID,OP_ID) values ('E000000024','E00000004','2948165');
Insert into ASM312.EXAMINE (EXAM_ID,DOCTOR_ID,OP_ID) values ('E000000025','E00000005','8439516');
Insert into ASM312.EXAMINE (EXAM_ID,DOCTOR_ID,OP_ID) values ('E000000026','E00000006','4296138');
Insert into ASM312.EXAMINE (EXAM_ID,DOCTOR_ID,OP_ID) values ('E000000027','E00000007','7712443');
Insert into ASM312.EXAMINE (EXAM_ID,DOCTOR_ID,OP_ID) values ('E000000028','E00000008','1643985');
Insert into ASM312.EXAMINE (EXAM_ID,DOCTOR_ID,OP_ID) values ('E000000029','E00000009','2948165');
Insert into ASM312.EXAMINE (EXAM_ID,DOCTOR_ID,OP_ID) values ('E000000030','E00000010','8439516');
REM INSERTING into ASM312.INPATIENT
SET DEFINE OFF;
Insert into ASM312.INPATIENT (ID,IPCODE,FNAME,LNAME,GENDER,ADDRESS,DOB,PHONE_NO,NURSE_UC) values ('7712443','IP1234567','John','Doe','M','3321 Castle, Spring, TX',to_date('15-MAY-90','DD-MON-RR'),793030117,'E00000029');
Insert into ASM312.INPATIENT (ID,IPCODE,FNAME,LNAME,GENDER,ADDRESS,DOB,PHONE_NO,NURSE_UC) values ('6421856','IP6421856','Emily','Smith','F','450 Stone, Houston, TX',to_date('20-SEP-88','DD-MON-RR'),808299673,'E00000025');
Insert into ASM312.INPATIENT (ID,IPCODE,FNAME,LNAME,GENDER,ADDRESS,DOB,PHONE_NO,NURSE_UC) values ('8639124','IP8639124','David','Johnson','M','790 Forest, Dallas, TX',to_date('10-DEC-95','DD-MON-RR'),726459038,'E00000027');
Insert into ASM312.INPATIENT (ID,IPCODE,FNAME,LNAME,GENDER,ADDRESS,DOB,PHONE_NO,NURSE_UC) values ('2597834','IP2597834','Sarah','Williams','F','881 Hill, Austin, TX',to_date('03-MAR-92','DD-MON-RR'),998746235,'E00000028');
Insert into ASM312.INPATIENT (ID,IPCODE,FNAME,LNAME,GENDER,ADDRESS,DOB,PHONE_NO,NURSE_UC) values ('3781647','IP3781647','Michael','Brown','M','963 Lake, San Antonio, TX',to_date('25-JUL-91','DD-MON-RR'),765432178,'E00000030');
Insert into ASM312.INPATIENT (ID,IPCODE,FNAME,LNAME,GENDER,ADDRESS,DOB,PHONE_NO,NURSE_UC) values ('5149210','IP5149210','Olivia','Davis','F','753 Valley, Fort Worth, TX',to_date('14-NOV-94','DD-MON-RR'),856789123,'E00000024');
Insert into ASM312.INPATIENT (ID,IPCODE,FNAME,LNAME,GENDER,ADDRESS,DOB,PHONE_NO,NURSE_UC) values ('9235761','IP9235761','James','Garcia','M','111 River, El Paso, TX',to_date('28-FEB-89','DD-MON-RR'),987654321,'E00000021');
Insert into ASM312.INPATIENT (ID,IPCODE,FNAME,LNAME,GENDER,ADDRESS,DOB,PHONE_NO,NURSE_UC) values ('1638942','IP1638942','Daniel','Lopez','M','365 Meadow, Lubbock, TX',to_date('30-AUG-96','DD-MON-RR'),912345678,'E00000022');
Insert into ASM312.INPATIENT (ID,IPCODE,FNAME,LNAME,GENDER,ADDRESS,DOB,PHONE_NO,NURSE_UC) values ('4719023','IP4719023','Chloe','Gonzalez','F','428 Oakwood, Amarillo, TX',to_date('12-APR-97','DD-MON-RR'),890765432,'E00000023');
Insert into ASM312.INPATIENT (ID,IPCODE,FNAME,LNAME,GENDER,ADDRESS,DOB,PHONE_NO,NURSE_UC) values ('7619324','IP7619324','William','Wilson','M','3331 Castle, Spring, TX',to_date('05-OCT-90','DD-MON-RR'),765849312,'E00000030');
Insert into ASM312.INPATIENT (ID,IPCODE,FNAME,LNAME,GENDER,ADDRESS,DOB,PHONE_NO,NURSE_UC) values ('4621839','IP4621839','Ava','Anderson','F','3332 Castle, Spring, TX',to_date('20-DEC-91','DD-MON-RR'),723456789,'E00000029');
Insert into ASM312.INPATIENT (ID,IPCODE,FNAME,LNAME,GENDER,ADDRESS,DOB,PHONE_NO,NURSE_UC) values ('8956241','IP8956241','Ethan','Thomas','M','3333 Castle, Spring, TX',to_date('08-SEP-92','DD-MON-RR'),832451234,'E00000028');
Insert into ASM312.INPATIENT (ID,IPCODE,FNAME,LNAME,GENDER,ADDRESS,DOB,PHONE_NO,NURSE_UC) values ('2469715','IP2469715','Mia','Hernandez','F','3334 Castle, Spring, TX',to_date('17-APR-93','DD-MON-RR'),793412876,'E00000027');
Insert into ASM312.INPATIENT (ID,IPCODE,FNAME,LNAME,GENDER,ADDRESS,DOB,PHONE_NO,NURSE_UC) values ('1396478','IP1396478','Noah','Nelson','M','3335 Castle, Spring, TX',to_date('02-MAR-94','DD-MON-RR'),801982765,'E00000026');
Insert into ASM312.INPATIENT (ID,IPCODE,FNAME,LNAME,GENDER,ADDRESS,DOB,PHONE_NO,NURSE_UC) values ('5473289','IP5473289','Emma','Walker','F','3336 Castle, Spring, TX',to_date('28-NOV-95','DD-MON-RR'),897865643,'E00000025');
Insert into ASM312.INPATIENT (ID,IPCODE,FNAME,LNAME,GENDER,ADDRESS,DOB,PHONE_NO,NURSE_UC) values ('9387562','IP9387562','Liam','Hill','M','3337 Castle, Spring, TX',to_date('14-JUN-96','DD-MON-RR'),876352918,'E00000024');
Insert into ASM312.INPATIENT (ID,IPCODE,FNAME,LNAME,GENDER,ADDRESS,DOB,PHONE_NO,NURSE_UC) values ('7283416','IP7283416','Isabella','Scott','F','3338 Castle, Spring, TX',to_date('07-AUG-97','DD-MON-RR'),901876523,'E00000023');
Insert into ASM312.INPATIENT (ID,IPCODE,FNAME,LNAME,GENDER,ADDRESS,DOB,PHONE_NO,NURSE_UC) values ('4817392','IP4817392','Ella','Green','F','3339 Castle, Spring, TX',to_date('19-FEB-98','DD-MON-RR'),776543201,'E00000022');
Insert into ASM312.INPATIENT (ID,IPCODE,FNAME,LNAME,GENDER,ADDRESS,DOB,PHONE_NO,NURSE_UC) values ('3276154','IP3276154','Mason','Adams','M','3340 Castle, Spring, TX',to_date('03-JAN-99','DD-MON-RR'),821369475,'E00000021');
Insert into ASM312.INPATIENT (ID,IPCODE,FNAME,LNAME,GENDER,ADDRESS,DOB,PHONE_NO,NURSE_UC) values ('3851247','IP3334455','Sophia','Martinez','F','225 Skyline, Corpus Chris, TX',to_date('19-JUN-93','DD-MON-RR'),843678541,'E00000026');
REM INSERTING into ASM312.INPATIENT_RECORD
SET DEFINE OFF;
Insert into ASM312.INPATIENT_RECORD (RECORD_ID,ADMISSION_DATE,DIAGNOSIS,DISCHARGE_DATE,SICK_ROOM,TOTAL_FEE,IP_ID) values ('IR00000001',to_date('05-JAN-23','DD-MON-RR'),'Pneumonia',null,101,1320,'1396478');
Insert into ASM312.INPATIENT_RECORD (RECORD_ID,ADMISSION_DATE,DIAGNOSIS,DISCHARGE_DATE,SICK_ROOM,TOTAL_FEE,IP_ID) values ('IR00000002',to_date('10-FEB-23','DD-MON-RR'),'Appendicitis',null,102,1650,'1638942');
Insert into ASM312.INPATIENT_RECORD (RECORD_ID,ADMISSION_DATE,DIAGNOSIS,DISCHARGE_DATE,SICK_ROOM,TOTAL_FEE,IP_ID) values ('IR00000003',to_date('15-MAR-23','DD-MON-RR'),'Fractured Leg',null,103,1540,'2469715');
Insert into ASM312.INPATIENT_RECORD (RECORD_ID,ADMISSION_DATE,DIAGNOSIS,DISCHARGE_DATE,SICK_ROOM,TOTAL_FEE,IP_ID) values ('IR00000004',to_date('20-APR-23','DD-MON-RR'),'Migraine',null,104,990,'2597834');
Insert into ASM312.INPATIENT_RECORD (RECORD_ID,ADMISSION_DATE,DIAGNOSIS,DISCHARGE_DATE,SICK_ROOM,TOTAL_FEE,IP_ID) values ('IR00000005',to_date('25-MAY-23','DD-MON-RR'),'Bronchitis',null,105,1980,'3276154');
Insert into ASM312.INPATIENT_RECORD (RECORD_ID,ADMISSION_DATE,DIAGNOSIS,DISCHARGE_DATE,SICK_ROOM,TOTAL_FEE,IP_ID) values ('IR00000006',to_date('30-JUN-23','DD-MON-RR'),'Gastritis',null,106,1375,'3781647');
Insert into ASM312.INPATIENT_RECORD (RECORD_ID,ADMISSION_DATE,DIAGNOSIS,DISCHARGE_DATE,SICK_ROOM,TOTAL_FEE,IP_ID) values ('IR00000007',to_date('05-JUL-23','DD-MON-RR'),'Kidney Stones',null,107,1760,'6421856');
Insert into ASM312.INPATIENT_RECORD (RECORD_ID,ADMISSION_DATE,DIAGNOSIS,DISCHARGE_DATE,SICK_ROOM,TOTAL_FEE,IP_ID) values ('IR00000008',to_date('10-AUG-23','DD-MON-RR'),'Concussion',null,108,1210,'4621839');
Insert into ASM312.INPATIENT_RECORD (RECORD_ID,ADMISSION_DATE,DIAGNOSIS,DISCHARGE_DATE,SICK_ROOM,TOTAL_FEE,IP_ID) values ('IR00000009',to_date('15-SEP-23','DD-MON-RR'),'Anemia',null,109,935,'4719023');
Insert into ASM312.INPATIENT_RECORD (RECORD_ID,ADMISSION_DATE,DIAGNOSIS,DISCHARGE_DATE,SICK_ROOM,TOTAL_FEE,IP_ID) values ('IR00000010',to_date('20-OCT-23','DD-MON-RR'),'Food Poisoning',null,110,1485,'4817392');
Insert into ASM312.INPATIENT_RECORD (RECORD_ID,ADMISSION_DATE,DIAGNOSIS,DISCHARGE_DATE,SICK_ROOM,TOTAL_FEE,IP_ID) values ('IR00000011',to_date('25-NOV-23','DD-MON-RR'),'Broken Arm',null,111,1870,'5149210');
Insert into ASM312.INPATIENT_RECORD (RECORD_ID,ADMISSION_DATE,DIAGNOSIS,DISCHARGE_DATE,SICK_ROOM,TOTAL_FEE,IP_ID) values ('IR00000012',to_date('31-DEC-23','DD-MON-RR'),'Asthma',null,112,2310,'5473289');
Insert into ASM312.INPATIENT_RECORD (RECORD_ID,ADMISSION_DATE,DIAGNOSIS,DISCHARGE_DATE,SICK_ROOM,TOTAL_FEE,IP_ID) values ('IR00000018',to_date('05-JUL-23','DD-MON-RR'),'Bronchitis',null,118,1375,'8956241');
Insert into ASM312.INPATIENT_RECORD (RECORD_ID,ADMISSION_DATE,DIAGNOSIS,DISCHARGE_DATE,SICK_ROOM,TOTAL_FEE,IP_ID) values ('IR00000019',to_date('10-AUG-23','DD-MON-RR'),'Gastritis',null,119,2255,'9235761');
Insert into ASM312.INPATIENT_RECORD (RECORD_ID,ADMISSION_DATE,DIAGNOSIS,DISCHARGE_DATE,SICK_ROOM,TOTAL_FEE,IP_ID) values ('IR00000020',to_date('15-SEP-23','DD-MON-RR'),'Kidney Stones',null,120,1760,'9387562');
Insert into ASM312.INPATIENT_RECORD (RECORD_ID,ADMISSION_DATE,DIAGNOSIS,DISCHARGE_DATE,SICK_ROOM,TOTAL_FEE,IP_ID) values ('IR00000021',to_date('20-OCT-23','DD-MON-RR'),'Concussion',null,121,1705,'1396478');
Insert into ASM312.INPATIENT_RECORD (RECORD_ID,ADMISSION_DATE,DIAGNOSIS,DISCHARGE_DATE,SICK_ROOM,TOTAL_FEE,IP_ID) values ('IR00000022',to_date('25-NOV-23','DD-MON-RR'),'Anemia',null,122,1815,'1638942');
Insert into ASM312.INPATIENT_RECORD (RECORD_ID,ADMISSION_DATE,DIAGNOSIS,DISCHARGE_DATE,SICK_ROOM,TOTAL_FEE,IP_ID) values ('IR00000023',to_date('31-DEC-23','DD-MON-RR'),'Food Poisoning',null,123,1100,'2469715');
Insert into ASM312.INPATIENT_RECORD (RECORD_ID,ADMISSION_DATE,DIAGNOSIS,DISCHARGE_DATE,SICK_ROOM,TOTAL_FEE,IP_ID) values ('IR00000024',to_date('05-JAN-23','DD-MON-RR'),'Broken Arm',null,124,1320,'2597834');
Insert into ASM312.INPATIENT_RECORD (RECORD_ID,ADMISSION_DATE,DIAGNOSIS,DISCHARGE_DATE,SICK_ROOM,TOTAL_FEE,IP_ID) values ('IR00000025',to_date('10-FEB-23','DD-MON-RR'),'Diabetes',null,125,1925,'3276154');
Insert into ASM312.INPATIENT_RECORD (RECORD_ID,ADMISSION_DATE,DIAGNOSIS,DISCHARGE_DATE,SICK_ROOM,TOTAL_FEE,IP_ID) values ('IR00000013',to_date('10-FEB-23','DD-MON-RR'),'Heart Attack',to_date('15-FEB-23','DD-MON-RR'),113,1705,'3851247');
Insert into ASM312.INPATIENT_RECORD (RECORD_ID,ADMISSION_DATE,DIAGNOSIS,DISCHARGE_DATE,SICK_ROOM,TOTAL_FEE,IP_ID) values ('IR00000014',to_date('15-MAR-23','DD-MON-RR'),'Pneumonia',to_date('20-MAR-23','DD-MON-RR'),114,2420,'7283416');
Insert into ASM312.INPATIENT_RECORD (RECORD_ID,ADMISSION_DATE,DIAGNOSIS,DISCHARGE_DATE,SICK_ROOM,TOTAL_FEE,IP_ID) values ('IR00000015',to_date('20-APR-23','DD-MON-RR'),'Appendicitis',to_date('25-APR-23','DD-MON-RR'),115,2035,'7619324');
Insert into ASM312.INPATIENT_RECORD (RECORD_ID,ADMISSION_DATE,DIAGNOSIS,DISCHARGE_DATE,SICK_ROOM,TOTAL_FEE,IP_ID) values ('IR00000016',to_date('25-MAY-23','DD-MON-RR'),'Fractured Leg',to_date('30-MAY-23','DD-MON-RR'),116,1727,'7712443');
Insert into ASM312.INPATIENT_RECORD (RECORD_ID,ADMISSION_DATE,DIAGNOSIS,DISCHARGE_DATE,SICK_ROOM,TOTAL_FEE,IP_ID) values ('IR00000017',to_date('30-JUN-23','DD-MON-RR'),'Migraine',to_date('05-JUL-23','DD-MON-RR'),117,1980,'8639124');
REM INSERTING into ASM312.MED_EFFECT
SET DEFINE OFF;
Insert into ASM312.MED_EFFECT (MED_UC,MED_EFFECT) values ('AML010','AML Treatment');
Insert into ASM312.MED_EFFECT (MED_UC,MED_EFFECT) values ('AMX004','Bacterial Infection Treatment');
Insert into ASM312.MED_EFFECT (MED_UC,MED_EFFECT) values ('ASP003','Blood Thinning');
Insert into ASM312.MED_EFFECT (MED_UC,MED_EFFECT) values ('ATV006','Cholesterol Regulation');
Insert into ASM312.MED_EFFECT (MED_UC,MED_EFFECT) values ('AZI011','Antibiotic Treatment');
Insert into ASM312.MED_EFFECT (MED_UC,MED_EFFECT) values ('CIP012','Infection Control');
Insert into ASM312.MED_EFFECT (MED_UC,MED_EFFECT) values ('IBU002','Pain Management');
Insert into ASM312.MED_EFFECT (MED_UC,MED_EFFECT) values ('LIS008','Blood Pressure Regulation');
Insert into ASM312.MED_EFFECT (MED_UC,MED_EFFECT) values ('MET007','Diabetes Control');
Insert into ASM312.MED_EFFECT (MED_UC,MED_EFFECT) values ('MET015','Metabolic Disorder Therapy');
Insert into ASM312.MED_EFFECT (MED_UC,MED_EFFECT) values ('OMP005','Acid Reflux Control');
Insert into ASM312.MED_EFFECT (MED_UC,MED_EFFECT) values ('PAR001','Headache Relief');
Insert into ASM312.MED_EFFECT (MED_UC,MED_EFFECT) values ('PRD013','Pain Control');
Insert into ASM312.MED_EFFECT (MED_UC,MED_EFFECT) values ('RNT014','Respiratory Therapy');
Insert into ASM312.MED_EFFECT (MED_UC,MED_EFFECT) values ('SIM009','Sinus Infection Treatment');
REM INSERTING into ASM312.MEDICATION
SET DEFINE OFF;
Insert into ASM312.MEDICATION (UNIQUE_CODE,NAME,CURRENT_PRICE,TOTAL_QUANTITY) values ('PAR001','Paracetamol',5.5,250);
Insert into ASM312.MEDICATION (UNIQUE_CODE,NAME,CURRENT_PRICE,TOTAL_QUANTITY) values ('IBU002','Ibuprofen',7.25,180);
Insert into ASM312.MEDICATION (UNIQUE_CODE,NAME,CURRENT_PRICE,TOTAL_QUANTITY) values ('ASP003','Aspirin',4.75,300);
Insert into ASM312.MEDICATION (UNIQUE_CODE,NAME,CURRENT_PRICE,TOTAL_QUANTITY) values ('AMX004','Amoxicillin',10,200);
Insert into ASM312.MEDICATION (UNIQUE_CODE,NAME,CURRENT_PRICE,TOTAL_QUANTITY) values ('OMP005','Omeprazole',15.75,150);
Insert into ASM312.MEDICATION (UNIQUE_CODE,NAME,CURRENT_PRICE,TOTAL_QUANTITY) values ('ATV006','Atorvastatin',20,120);
Insert into ASM312.MEDICATION (UNIQUE_CODE,NAME,CURRENT_PRICE,TOTAL_QUANTITY) values ('MET007','Metformin',8.5,220);
Insert into ASM312.MEDICATION (UNIQUE_CODE,NAME,CURRENT_PRICE,TOTAL_QUANTITY) values ('LIS008','Lisinopril',9.25,270);
Insert into ASM312.MEDICATION (UNIQUE_CODE,NAME,CURRENT_PRICE,TOTAL_QUANTITY) values ('SIM009','Simvastatin',18.75,100);
Insert into ASM312.MEDICATION (UNIQUE_CODE,NAME,CURRENT_PRICE,TOTAL_QUANTITY) values ('AML010','Amlodipine',11.5,280);
Insert into ASM312.MEDICATION (UNIQUE_CODE,NAME,CURRENT_PRICE,TOTAL_QUANTITY) values ('AZI011','Azithromycin',14.25,160);
Insert into ASM312.MEDICATION (UNIQUE_CODE,NAME,CURRENT_PRICE,TOTAL_QUANTITY) values ('CIP012','Ciprofloxacin',12.75,240);
Insert into ASM312.MEDICATION (UNIQUE_CODE,NAME,CURRENT_PRICE,TOTAL_QUANTITY) values ('PRD013','Prednisone',6,330);
Insert into ASM312.MEDICATION (UNIQUE_CODE,NAME,CURRENT_PRICE,TOTAL_QUANTITY) values ('RNT014','Ranitidine',9,190);
Insert into ASM312.MEDICATION (UNIQUE_CODE,NAME,CURRENT_PRICE,TOTAL_QUANTITY) values ('MET015','Metronidazole',17.5,180);
REM INSERTING into ASM312.MEDICINE
SET DEFINE OFF;
Insert into ASM312.MEDICINE (MED_ID,EXPIRATION_DATE,EXPIRED,BOX_QUANTITY,MEDICATION_UC) values ('AML0100001',to_date('15-MAY-24','DD-MON-RR'),'F',100,'AML010');
Insert into ASM312.MEDICINE (MED_ID,EXPIRATION_DATE,EXPIRED,BOX_QUANTITY,MEDICATION_UC) values ('AML0100002',to_date('20-JAN-25','DD-MON-RR'),'F',80,'AML010');
Insert into ASM312.MEDICINE (MED_ID,EXPIRATION_DATE,EXPIRED,BOX_QUANTITY,MEDICATION_UC) values ('AMX0040001',to_date('18-JUN-25','DD-MON-RR'),'F',90,'AMX004');
Insert into ASM312.MEDICINE (MED_ID,EXPIRATION_DATE,EXPIRED,BOX_QUANTITY,MEDICATION_UC) values ('AMX0040002',to_date('30-OCT-24','DD-MON-RR'),'F',100,'AMX004');
Insert into ASM312.MEDICINE (MED_ID,EXPIRATION_DATE,EXPIRED,BOX_QUANTITY,MEDICATION_UC) values ('ASP0030001',to_date('12-SEP-24','DD-MON-RR'),'F',90,'ASP003');
Insert into ASM312.MEDICINE (MED_ID,EXPIRATION_DATE,EXPIRED,BOX_QUANTITY,MEDICATION_UC) values ('ASP0030002',to_date('25-OCT-23','DD-MON-RR'),'T',60,'ASP003');
Insert into ASM312.MEDICINE (MED_ID,EXPIRATION_DATE,EXPIRED,BOX_QUANTITY,MEDICATION_UC) values ('ATV0060001',to_date('25-DEC-24','DD-MON-RR'),'F',75,'ATV006');
Insert into ASM312.MEDICINE (MED_ID,EXPIRATION_DATE,EXPIRED,BOX_QUANTITY,MEDICATION_UC) values ('ATV0060002',to_date('30-MAR-25','DD-MON-RR'),'F',85,'ATV006');
Insert into ASM312.MEDICINE (MED_ID,EXPIRATION_DATE,EXPIRED,BOX_QUANTITY,MEDICATION_UC) values ('AZI0110001',to_date('10-JUL-25','DD-MON-RR'),'F',95,'AZI011');
Insert into ASM312.MEDICINE (MED_ID,EXPIRATION_DATE,EXPIRED,BOX_QUANTITY,MEDICATION_UC) values ('AZI0110002',to_date('15-AUG-24','DD-MON-RR'),'F',70,'AZI011');
Insert into ASM312.MEDICINE (MED_ID,EXPIRATION_DATE,EXPIRED,BOX_QUANTITY,MEDICATION_UC) values ('CIP0120001',to_date('20-NOV-24','DD-MON-RR'),'F',80,'CIP012');
Insert into ASM312.MEDICINE (MED_ID,EXPIRATION_DATE,EXPIRED,BOX_QUANTITY,MEDICATION_UC) values ('CIP0120002',to_date('05-FEB-25','DD-MON-RR'),'F',85,'CIP012');
Insert into ASM312.MEDICINE (MED_ID,EXPIRATION_DATE,EXPIRED,BOX_QUANTITY,MEDICATION_UC) values ('IBU0020001',to_date('30-JUN-24','DD-MON-RR'),'F',100,'IBU002');
Insert into ASM312.MEDICINE (MED_ID,EXPIRATION_DATE,EXPIRED,BOX_QUANTITY,MEDICATION_UC) values ('IBU0020002',to_date('22-APR-25','DD-MON-RR'),'F',90,'IBU002');
Insert into ASM312.MEDICINE (MED_ID,EXPIRATION_DATE,EXPIRED,BOX_QUANTITY,MEDICATION_UC) values ('LIS0080001',to_date('12-MAR-24','DD-MON-RR'),'F',85,'LIS008');
Insert into ASM312.MEDICINE (MED_ID,EXPIRATION_DATE,EXPIRED,BOX_QUANTITY,MEDICATION_UC) values ('LIS0080002',to_date('05-SEP-25','DD-MON-RR'),'F',95,'LIS008');
Insert into ASM312.MEDICINE (MED_ID,EXPIRATION_DATE,EXPIRED,BOX_QUANTITY,MEDICATION_UC) values ('MET0070001',to_date('20-NOV-25','DD-MON-RR'),'F',75,'MET007');
Insert into ASM312.MEDICINE (MED_ID,EXPIRATION_DATE,EXPIRED,BOX_QUANTITY,MEDICATION_UC) values ('MET0070002',to_date('25-AUG-24','DD-MON-RR'),'F',80,'MET007');
Insert into ASM312.MEDICINE (MED_ID,EXPIRATION_DATE,EXPIRED,BOX_QUANTITY,MEDICATION_UC) values ('MET0150001',to_date('10-DEC-26','DD-MON-RR'),'F',65,'MET015');
Insert into ASM312.MEDICINE (MED_ID,EXPIRATION_DATE,EXPIRED,BOX_QUANTITY,MEDICATION_UC) values ('MET0150002',to_date('15-JUL-24','DD-MON-RR'),'F',70,'MET015');
Insert into ASM312.MEDICINE (MED_ID,EXPIRATION_DATE,EXPIRED,BOX_QUANTITY,MEDICATION_UC) values ('OMP0050001',to_date('28-FEB-24','DD-MON-RR'),'F',90,'OMP005');
Insert into ASM312.MEDICINE (MED_ID,EXPIRATION_DATE,EXPIRED,BOX_QUANTITY,MEDICATION_UC) values ('OMP0050002',to_date('10-MAY-25','DD-MON-RR'),'F',85,'OMP005');
Insert into ASM312.MEDICINE (MED_ID,EXPIRATION_DATE,EXPIRED,BOX_QUANTITY,MEDICATION_UC) values ('PAR0010001',to_date('02-OCT-24','DD-MON-RR'),'F',100,'PAR001');
Insert into ASM312.MEDICINE (MED_ID,EXPIRATION_DATE,EXPIRED,BOX_QUANTITY,MEDICATION_UC) values ('PAR0010002',to_date('20-AUG-25','DD-MON-RR'),'F',95,'PAR001');
Insert into ASM312.MEDICINE (MED_ID,EXPIRATION_DATE,EXPIRED,BOX_QUANTITY,MEDICATION_UC) values ('PRD0130001',to_date('15-APR-24','DD-MON-RR'),'F',75,'PRD013');
Insert into ASM312.MEDICINE (MED_ID,EXPIRATION_DATE,EXPIRED,BOX_QUANTITY,MEDICATION_UC) values ('PRD0130002',to_date('05-JUN-25','DD-MON-RR'),'F',80,'PRD013');
Insert into ASM312.MEDICINE (MED_ID,EXPIRATION_DATE,EXPIRED,BOX_QUANTITY,MEDICATION_UC) values ('RNT0140001',to_date('20-SEP-23','DD-MON-RR'),'T',60,'RNT014');
Insert into ASM312.MEDICINE (MED_ID,EXPIRATION_DATE,EXPIRED,BOX_QUANTITY,MEDICATION_UC) values ('RNT0140002',to_date('05-NOV-23','DD-MON-RR'),'T',65,'RNT014');
Insert into ASM312.MEDICINE (MED_ID,EXPIRATION_DATE,EXPIRED,BOX_QUANTITY,MEDICATION_UC) values ('SIM0090001',to_date('01-JUL-25','DD-MON-RR'),'F',85,'SIM009');
Insert into ASM312.MEDICINE (MED_ID,EXPIRATION_DATE,EXPIRED,BOX_QUANTITY,MEDICATION_UC) values ('SIM0090002',to_date('30-NOV-24','DD-MON-RR'),'F',90,'SIM009');
REM INSERTING into ASM312.NURSE
SET DEFINE OFF;
Insert into ASM312.NURSE (UNIQUE_CODE) values ('E00000021');
Insert into ASM312.NURSE (UNIQUE_CODE) values ('E00000022');
Insert into ASM312.NURSE (UNIQUE_CODE) values ('E00000023');
Insert into ASM312.NURSE (UNIQUE_CODE) values ('E00000024');
Insert into ASM312.NURSE (UNIQUE_CODE) values ('E00000025');
Insert into ASM312.NURSE (UNIQUE_CODE) values ('E00000026');
Insert into ASM312.NURSE (UNIQUE_CODE) values ('E00000027');
Insert into ASM312.NURSE (UNIQUE_CODE) values ('E00000028');
Insert into ASM312.NURSE (UNIQUE_CODE) values ('E00000029');
Insert into ASM312.NURSE (UNIQUE_CODE) values ('E00000030');
REM INSERTING into ASM312.OUTPATIENT
SET DEFINE OFF;
Insert into ASM312.OUTPATIENT (ID,OPCODE,FNAME,LNAME,GENDER,ADDRESS,DOB,PHONE_NO) values ('7712443','OP7712443','John','Doe','M','3321 Castle, Spring, TX',to_date('15-MAY-90','DD-MON-RR'),793030117);
Insert into ASM312.OUTPATIENT (ID,OPCODE,FNAME,LNAME,GENDER,ADDRESS,DOB,PHONE_NO) values ('8246761','OP8246761','Matthew','Johnson','M','456 Elm St, Othertown, TX',to_date('20-SEP-89','DD-MON-RR'),808123456);
Insert into ASM312.OUTPATIENT (ID,OPCODE,FNAME,LNAME,GENDER,ADDRESS,DOB,PHONE_NO) values ('1643985','OP1643985','Sophie','Garcia','F','789 Oak St, Anothertown, TX',to_date('10-DEC-96','DD-MON-RR'),726458910);
Insert into ASM312.OUTPATIENT (ID,OPCODE,FNAME,LNAME,GENDER,ADDRESS,DOB,PHONE_NO) values ('7523164','OP7523164','Oliver','Smith','M','321 Pine St, Somewhere, TX',to_date('03-MAR-92','DD-MON-RR'),998123456);
Insert into ASM312.OUTPATIENT (ID,OPCODE,FNAME,LNAME,GENDER,ADDRESS,DOB,PHONE_NO) values ('2948165','OP2948165','Abigail','Wilson','F','555 Cedar St, Nowhere, TX',to_date('25-JUL-90','DD-MON-RR'),765789012);
Insert into ASM312.OUTPATIENT (ID,OPCODE,FNAME,LNAME,GENDER,ADDRESS,DOB,PHONE_NO) values ('9483127','OP9483127','Alexander','Jones','M','777 Birch St, Elsewhere, TX',to_date('14-NOV-94','DD-MON-RR'),856789102);
Insert into ASM312.OUTPATIENT (ID,OPCODE,FNAME,LNAME,GENDER,ADDRESS,DOB,PHONE_NO) values ('6314789','OP6314789','Charlotte','Martinez','F','999 Elm St, Hometown, TX',to_date('28-FEB-87','DD-MON-RR'),987654322);
Insert into ASM312.OUTPATIENT (ID,OPCODE,FNAME,LNAME,GENDER,ADDRESS,DOB,PHONE_NO) values ('7491832','OP7491832','Scarlett','Brown','F','222 Maple St, City, TX',to_date('30-AUG-96','DD-MON-RR'),912123456);
Insert into ASM312.OUTPATIENT (ID,OPCODE,FNAME,LNAME,GENDER,ADDRESS,DOB,PHONE_NO) values ('8439516','OP8439516','Henry','Adams','M','333 Pine St, Smalltown, TX',to_date('12-APR-97','DD-MON-RR'),890765432);
Insert into ASM312.OUTPATIENT (ID,OPCODE,FNAME,LNAME,GENDER,ADDRESS,DOB,PHONE_NO) values ('5183497','OP5183497','Amelia','Taylor','F','444 Cedar St, Anywhere, TX',to_date('05-OCT-90','DD-MON-RR'),765849312);
Insert into ASM312.OUTPATIENT (ID,OPCODE,FNAME,LNAME,GENDER,ADDRESS,DOB,PHONE_NO) values ('2165483','OP2165483','Jacob','Lopez','M','555 Elm St, Anycity, TX',to_date('20-DEC-91','DD-MON-RR'),723123456);
Insert into ASM312.OUTPATIENT (ID,OPCODE,FNAME,LNAME,GENDER,ADDRESS,DOB,PHONE_NO) values ('5134289','OP5134289','Lily','Hernandez','F','666 Oak St, Anyville, TX',to_date('08-SEP-92','DD-MON-RR'),832451234);
Insert into ASM312.OUTPATIENT (ID,OPCODE,FNAME,LNAME,GENDER,ADDRESS,DOB,PHONE_NO) values ('8497213','OP8497213','Logan','Scott','M','777 Pine St, Noway, TX',to_date('17-APR-93','DD-MON-RR'),793212876);
Insert into ASM312.OUTPATIENT (ID,OPCODE,FNAME,LNAME,GENDER,ADDRESS,DOB,PHONE_NO) values ('7651234','OP7651234','Ava','Nelson','F','888 Cedar St, Noplace, TX',to_date('02-MAR-94','DD-MON-RR'),801982765);
Insert into ASM312.OUTPATIENT (ID,OPCODE,FNAME,LNAME,GENDER,ADDRESS,DOB,PHONE_NO) values ('1937425','OP1937425','Elijah','Walker','M','999 Elm St, Anyplace, TX',to_date('28-NOV-95','DD-MON-RR'),897865643);
Insert into ASM312.OUTPATIENT (ID,OPCODE,FNAME,LNAME,GENDER,ADDRESS,DOB,PHONE_NO) values ('7659182','OP7659182','Avery','Hill','F','111 Oak St, Anycounty, TX',to_date('14-JUN-96','DD-MON-RR'),876352918);
Insert into ASM312.OUTPATIENT (ID,OPCODE,FNAME,LNAME,GENDER,ADDRESS,DOB,PHONE_NO) values ('4296138','OP4296138','Madison','Anderson','F','222 Elm St, Anystate, TX',to_date('07-AUG-97','DD-MON-RR'),901876523);
Insert into ASM312.OUTPATIENT (ID,OPCODE,FNAME,LNAME,GENDER,ADDRESS,DOB,PHONE_NO) values ('6192358','OP6192358','Carter','Green','M','333 Pine St, Anynation, TX',to_date('19-FEB-98','DD-MON-RR'),776543201);
Insert into ASM312.OUTPATIENT (ID,OPCODE,FNAME,LNAME,GENDER,ADDRESS,DOB,PHONE_NO) values ('3276154','OP1122333','Mason','Adams','M','3340 Castle, Spring, TX',to_date('03-JAN-99','DD-MON-RR'),821369475);
Insert into ASM312.OUTPATIENT (ID,OPCODE,FNAME,LNAME,GENDER,ADDRESS,DOB,PHONE_NO) values ('3851247','OP3851247','Sophia','Martinez','F','225 Skyline, Corpus Chris, TX',to_date('19-JUN-93','DD-MON-RR'),843678541);
REM INSERTING into ASM312.OUTPATIENT_RECORD
SET DEFINE OFF;
Insert into ASM312.OUTPATIENT_RECORD (RECORD_ID,TOTAL_FEE,OP_ID) values ('OR00000001',1200,'1643985');
Insert into ASM312.OUTPATIENT_RECORD (RECORD_ID,TOTAL_FEE,OP_ID) values ('OR00000002',1050,'1937425');
Insert into ASM312.OUTPATIENT_RECORD (RECORD_ID,TOTAL_FEE,OP_ID) values ('OR00000003',1350,'2165483');
Insert into ASM312.OUTPATIENT_RECORD (RECORD_ID,TOTAL_FEE,OP_ID) values ('OR00000004',950,'2948165');
Insert into ASM312.OUTPATIENT_RECORD (RECORD_ID,TOTAL_FEE,OP_ID) values ('OR00000005',800,'3276154');
Insert into ASM312.OUTPATIENT_RECORD (RECORD_ID,TOTAL_FEE,OP_ID) values ('OR00000006',1100,'3851247');
Insert into ASM312.OUTPATIENT_RECORD (RECORD_ID,TOTAL_FEE,OP_ID) values ('OR00000007',1250,'4296138');
Insert into ASM312.OUTPATIENT_RECORD (RECORD_ID,TOTAL_FEE,OP_ID) values ('OR00000008',1420,'5134289');
Insert into ASM312.OUTPATIENT_RECORD (RECORD_ID,TOTAL_FEE,OP_ID) values ('OR00000009',980,'5183497');
Insert into ASM312.OUTPATIENT_RECORD (RECORD_ID,TOTAL_FEE,OP_ID) values ('OR00000010',1160,'6192358');
Insert into ASM312.OUTPATIENT_RECORD (RECORD_ID,TOTAL_FEE,OP_ID) values ('OR00000011',930,'6314789');
Insert into ASM312.OUTPATIENT_RECORD (RECORD_ID,TOTAL_FEE,OP_ID) values ('OR00000012',1020,'7491832');
Insert into ASM312.OUTPATIENT_RECORD (RECORD_ID,TOTAL_FEE,OP_ID) values ('OR00000013',890,'7523164');
Insert into ASM312.OUTPATIENT_RECORD (RECORD_ID,TOTAL_FEE,OP_ID) values ('OR00000014',1200,'7651234');
Insert into ASM312.OUTPATIENT_RECORD (RECORD_ID,TOTAL_FEE,OP_ID) values ('OR00000015',1050,'7659182');
Insert into ASM312.OUTPATIENT_RECORD (RECORD_ID,TOTAL_FEE,OP_ID) values ('OR00000016',1350,'7712443');
Insert into ASM312.OUTPATIENT_RECORD (RECORD_ID,TOTAL_FEE,OP_ID) values ('OR00000017',950,'8246761');
Insert into ASM312.OUTPATIENT_RECORD (RECORD_ID,TOTAL_FEE,OP_ID) values ('OR00000018',800,'8439516');
Insert into ASM312.OUTPATIENT_RECORD (RECORD_ID,TOTAL_FEE,OP_ID) values ('OR00000019',1100,'8497213');
Insert into ASM312.OUTPATIENT_RECORD (RECORD_ID,TOTAL_FEE,OP_ID) values ('OR00000020',1250,'9483127');
Insert into ASM312.OUTPATIENT_RECORD (RECORD_ID,TOTAL_FEE,OP_ID) values ('OR00000021',980,'1643985');
Insert into ASM312.OUTPATIENT_RECORD (RECORD_ID,TOTAL_FEE,OP_ID) values ('OR00000022',1160,'1937425');
Insert into ASM312.OUTPATIENT_RECORD (RECORD_ID,TOTAL_FEE,OP_ID) values ('OR00000023',930,'2165483');
Insert into ASM312.OUTPATIENT_RECORD (RECORD_ID,TOTAL_FEE,OP_ID) values ('OR00000024',1020,'2948165');
Insert into ASM312.OUTPATIENT_RECORD (RECORD_ID,TOTAL_FEE,OP_ID) values ('OR00000025',890,'3276154');
REM INSERTING into ASM312.PHONE_NUMBER
SET DEFINE OFF;
Insert into ASM312.PHONE_NUMBER (PHONE_NUM,EMP_UC) values (123456897,'E00000024');
Insert into ASM312.PHONE_NUMBER (PHONE_NUM,EMP_UC) values (123456987,'E00000014');
Insert into ASM312.PHONE_NUMBER (PHONE_NUM,EMP_UC) values (147852369,'E00000004');
Insert into ASM312.PHONE_NUMBER (PHONE_NUM,EMP_UC) values (214365987,'E00000010');
Insert into ASM312.PHONE_NUMBER (PHONE_NUM,EMP_UC) values (231546879,'E00000017');
Insert into ASM312.PHONE_NUMBER (PHONE_NUM,EMP_UC) values (321456987,'E00000020');
Insert into ASM312.PHONE_NUMBER (PHONE_NUM,EMP_UC) values (321459876,'E00000030');
Insert into ASM312.PHONE_NUMBER (PHONE_NUM,EMP_UC) values (321569874,'E00000005');
Insert into ASM312.PHONE_NUMBER (PHONE_NUM,EMP_UC) values (374182116,'E00000001');
Insert into ASM312.PHONE_NUMBER (PHONE_NUM,EMP_UC) values (432198765,'E00000028');
Insert into ASM312.PHONE_NUMBER (PHONE_NUM,EMP_UC) values (432987615,'E00000022');
Insert into ASM312.PHONE_NUMBER (PHONE_NUM,EMP_UC) values (432987651,'E00000008');
Insert into ASM312.PHONE_NUMBER (PHONE_NUM,EMP_UC) values (458712369,'E00000015');
Insert into ASM312.PHONE_NUMBER (PHONE_NUM,EMP_UC) values (546213789,'E00000012');
Insert into ASM312.PHONE_NUMBER (PHONE_NUM,EMP_UC) values (567123498,'E00000007');
Insert into ASM312.PHONE_NUMBER (PHONE_NUM,EMP_UC) values (567498213,'E00000019');
Insert into ASM312.PHONE_NUMBER (PHONE_NUM,EMP_UC) values (654781234,'E00000003');
Insert into ASM312.PHONE_NUMBER (PHONE_NUM,EMP_UC) values (654789231,'E00000013');
Insert into ASM312.PHONE_NUMBER (PHONE_NUM,EMP_UC) values (654871329,'E00000023');
Insert into ASM312.PHONE_NUMBER (PHONE_NUM,EMP_UC) values (654872193,'E00000025');
Insert into ASM312.PHONE_NUMBER (PHONE_NUM,EMP_UC) values (654879231,'E00000027');
Insert into ASM312.PHONE_NUMBER (PHONE_NUM,EMP_UC) values (658741236,'E00000009');
Insert into ASM312.PHONE_NUMBER (PHONE_NUM,EMP_UC) values (765428319,'E00000026');
Insert into ASM312.PHONE_NUMBER (PHONE_NUM,EMP_UC) values (765432189,'E00000011');
Insert into ASM312.PHONE_NUMBER (PHONE_NUM,EMP_UC) values (765498123,'E00000029');
Insert into ASM312.PHONE_NUMBER (PHONE_NUM,EMP_UC) values (765498132,'E00000021');
Insert into ASM312.PHONE_NUMBER (PHONE_NUM,EMP_UC) values (876123456,'E00000018');
Insert into ASM312.PHONE_NUMBER (PHONE_NUM,EMP_UC) values (876543298,'E00000006');
Insert into ASM312.PHONE_NUMBER (PHONE_NUM,EMP_UC) values (983761811,'E00000002');
Insert into ASM312.PHONE_NUMBER (PHONE_NUM,EMP_UC) values (987634521,'E00000016');
REM INSERTING into ASM312.PROVIDE
SET DEFINE OFF;
Insert into ASM312.PROVIDE (MED_ID,PROV_NO,IMPORTTED_PRICE,IMPORTED_DATE,QUANTITY) values ('AML0100001',10001,225.5,to_date('15-MAY-23','DD-MON-RR'),50);
Insert into ASM312.PROVIDE (MED_ID,PROV_NO,IMPORTTED_PRICE,IMPORTED_DATE,QUANTITY) values ('AML0100002',10002,230,to_date('20-JUN-23','DD-MON-RR'),60);
Insert into ASM312.PROVIDE (MED_ID,PROV_NO,IMPORTTED_PRICE,IMPORTED_DATE,QUANTITY) values ('AMX0040001',10003,227,to_date('18-JUL-23','DD-MON-RR'),45);
Insert into ASM312.PROVIDE (MED_ID,PROV_NO,IMPORTTED_PRICE,IMPORTED_DATE,QUANTITY) values ('AMX0040002',10004,235.25,to_date('30-AUG-23','DD-MON-RR'),70);
Insert into ASM312.PROVIDE (MED_ID,PROV_NO,IMPORTTED_PRICE,IMPORTED_DATE,QUANTITY) values ('ASP0030001',10005,232.75,to_date('12-SEP-23','DD-MON-RR'),65);
Insert into ASM312.PROVIDE (MED_ID,PROV_NO,IMPORTTED_PRICE,IMPORTED_DATE,QUANTITY) values ('ASP0030002',10006,333.5,to_date('20-OCT-23','DD-MON-RR'),80);
Insert into ASM312.PROVIDE (MED_ID,PROV_NO,IMPORTTED_PRICE,IMPORTED_DATE,QUANTITY) values ('ATV0060001',10007,220.75,to_date('05-NOV-23','DD-MON-RR'),40);
Insert into ASM312.PROVIDE (MED_ID,PROV_NO,IMPORTTED_PRICE,IMPORTED_DATE,QUANTITY) values ('ATV0060002',10008,222,to_date('10-DEC-23','DD-MON-RR'),55);
Insert into ASM312.PROVIDE (MED_ID,PROV_NO,IMPORTTED_PRICE,IMPORTED_DATE,QUANTITY) values ('AZI0110001',10001,221.25,to_date('15-JAN-23','DD-MON-RR'),30);
Insert into ASM312.PROVIDE (MED_ID,PROV_NO,IMPORTTED_PRICE,IMPORTED_DATE,QUANTITY) values ('AZI0110002',10002,445,to_date('28-FEB-23','DD-MON-RR'),90);
Insert into ASM312.PROVIDE (MED_ID,PROV_NO,IMPORTTED_PRICE,IMPORTED_DATE,QUANTITY) values ('CIP0120001',10003,442.5,to_date('20-MAR-23','DD-MON-RR'),85);
Insert into ASM312.PROVIDE (MED_ID,PROV_NO,IMPORTTED_PRICE,IMPORTED_DATE,QUANTITY) values ('CIP0120002',10004,444.25,to_date('25-APR-23','DD-MON-RR'),95);
Insert into ASM312.PROVIDE (MED_ID,PROV_NO,IMPORTTED_PRICE,IMPORTED_DATE,QUANTITY) values ('IBU0020001',10005,328.75,to_date('30-MAY-23','DD-MON-RR'),75);
Insert into ASM312.PROVIDE (MED_ID,PROV_NO,IMPORTTED_PRICE,IMPORTED_DATE,QUANTITY) values ('IBU0020002',10006,330,to_date('15-JUN-23','DD-MON-RR'),80);
Insert into ASM312.PROVIDE (MED_ID,PROV_NO,IMPORTTED_PRICE,IMPORTED_DATE,QUANTITY) values ('LIS0080001',10007,329.25,to_date('20-JUL-23','DD-MON-RR'),85);
Insert into ASM312.PROVIDE (MED_ID,PROV_NO,IMPORTTED_PRICE,IMPORTED_DATE,QUANTITY) values ('LIS0080002',10008,333.5,to_date('10-AUG-23','DD-MON-RR'),70);
Insert into ASM312.PROVIDE (MED_ID,PROV_NO,IMPORTTED_PRICE,IMPORTED_DATE,QUANTITY) values ('MET0070001',10001,335,to_date('18-SEP-23','DD-MON-RR'),75);
Insert into ASM312.PROVIDE (MED_ID,PROV_NO,IMPORTTED_PRICE,IMPORTED_DATE,QUANTITY) values ('MET0070002',10002,334.25,to_date('22-OCT-23','DD-MON-RR'),80);
Insert into ASM312.PROVIDE (MED_ID,PROV_NO,IMPORTTED_PRICE,IMPORTED_DATE,QUANTITY) values ('MET0150001',10003,215.5,to_date('08-NOV-23','DD-MON-RR'),55);
Insert into ASM312.PROVIDE (MED_ID,PROV_NO,IMPORTTED_PRICE,IMPORTED_DATE,QUANTITY) values ('MET0150002',10004,217,to_date('12-DEC-23','DD-MON-RR'),60);
Insert into ASM312.PROVIDE (MED_ID,PROV_NO,IMPORTTED_PRICE,IMPORTED_DATE,QUANTITY) values ('OMP0050001',10005,16.25,to_date('18-JAN-23','DD-MON-RR'),65);
Insert into ASM312.PROVIDE (MED_ID,PROV_NO,IMPORTTED_PRICE,IMPORTED_DATE,QUANTITY) values ('OMP0050002',10006,440.25,to_date('25-FEB-23','DD-MON-RR'),85);
Insert into ASM312.PROVIDE (MED_ID,PROV_NO,IMPORTTED_PRICE,IMPORTED_DATE,QUANTITY) values ('PAR0010001',10007,438.75,to_date('10-MAR-23','DD-MON-RR'),80);
Insert into ASM312.PROVIDE (MED_ID,PROV_NO,IMPORTTED_PRICE,IMPORTED_DATE,QUANTITY) values ('PAR0010002',10008,339.5,to_date('15-APR-23','DD-MON-RR'),75);
Insert into ASM312.PROVIDE (MED_ID,PROV_NO,IMPORTTED_PRICE,IMPORTED_DATE,QUANTITY) values ('PRD0130001',10001,222,to_date('28-MAY-23','DD-MON-RR'),65);
Insert into ASM312.PROVIDE (MED_ID,PROV_NO,IMPORTTED_PRICE,IMPORTED_DATE,QUANTITY) values ('PRD0130002',10002,223.5,to_date('20-JUN-23','DD-MON-RR'),70);
Insert into ASM312.PROVIDE (MED_ID,PROV_NO,IMPORTTED_PRICE,IMPORTED_DATE,QUANTITY) values ('RNT0140001',10003,422.75,to_date('25-JUL-23','DD-MON-RR'),75);
Insert into ASM312.PROVIDE (MED_ID,PROV_NO,IMPORTTED_PRICE,IMPORTED_DATE,QUANTITY) values ('RNT0140002',10004,130,to_date('05-AUG-23','DD-MON-RR'),25);
Insert into ASM312.PROVIDE (MED_ID,PROV_NO,IMPORTTED_PRICE,IMPORTED_DATE,QUANTITY) values ('SIM0090001',10005,231.5,to_date('15-SEP-23','DD-MON-RR'),50);
Insert into ASM312.PROVIDE (MED_ID,PROV_NO,IMPORTTED_PRICE,IMPORTED_DATE,QUANTITY) values ('SIM0090002',10006,230.75,to_date('18-OCT-23','DD-MON-RR'),55);
REM INSERTING into ASM312.PROVIDER
SET DEFINE OFF;
Insert into ASM312.PROVIDER (UNIQUE_NUMBER,NAME,ADDRESS,PHONE) values (10001,'ABC Hospital','1234 Elm Street, Houston, TX',124567890);
Insert into ASM312.PROVIDER (UNIQUE_NUMBER,NAME,ADDRESS,PHONE) values (10002,'XYZ Clinic','5678 Oak Avenue, Houston, TX',981234567);
Insert into ASM312.PROVIDER (UNIQUE_NUMBER,NAME,ADDRESS,PHONE) values (10003,'EFG Medical Ct','9101 Maple Drive, Houston, TX',129876543);
Insert into ASM312.PROVIDER (UNIQUE_NUMBER,NAME,ADDRESS,PHONE) values (10004,'PQR Health Ct','2345 Birch Lane, Houston, TX',248097531);
Insert into ASM312.PROVIDER (UNIQUE_NUMBER,NAME,ADDRESS,PHONE) values (10005,'LMN Healthcare','6789 Pine Road, Houston, TX',369518274);
Insert into ASM312.PROVIDER (UNIQUE_NUMBER,NAME,ADDRESS,PHONE) values (10006,'QRS Clinic','3456 Cedar Street, Houston, TX',958632741);
Insert into ASM312.PROVIDER (UNIQUE_NUMBER,NAME,ADDRESS,PHONE) values (10007,'IJK Hospital','7890 Elm Avenue, Houston, TX',157236849);
Insert into ASM312.PROVIDER (UNIQUE_NUMBER,NAME,ADDRESS,PHONE) values (10008,'STU Medical Ct','1234 Oak Lane, Houston, TX',754362189);
REM INSERTING into ASM312.TREAT
SET DEFINE OFF;
Insert into ASM312.TREAT (TREATMENT_ID,DOCTOR_ID,IP_ID) values ('T000000001','E00000001','1396478');
Insert into ASM312.TREAT (TREATMENT_ID,DOCTOR_ID,IP_ID) values ('T000000002','E00000002','1638942');
Insert into ASM312.TREAT (TREATMENT_ID,DOCTOR_ID,IP_ID) values ('T000000003','E00000003','2469715');
Insert into ASM312.TREAT (TREATMENT_ID,DOCTOR_ID,IP_ID) values ('T000000004','E00000004','2597834');
Insert into ASM312.TREAT (TREATMENT_ID,DOCTOR_ID,IP_ID) values ('T000000005','E00000005','3276154');
Insert into ASM312.TREAT (TREATMENT_ID,DOCTOR_ID,IP_ID) values ('T000000006','E00000006','3781647');
Insert into ASM312.TREAT (TREATMENT_ID,DOCTOR_ID,IP_ID) values ('T000000007','E00000007','3851247');
Insert into ASM312.TREAT (TREATMENT_ID,DOCTOR_ID,IP_ID) values ('T000000008','E00000008','4621839');
Insert into ASM312.TREAT (TREATMENT_ID,DOCTOR_ID,IP_ID) values ('T000000009','E00000009','4719023');
Insert into ASM312.TREAT (TREATMENT_ID,DOCTOR_ID,IP_ID) values ('T000000010','E00000010','4817392');
Insert into ASM312.TREAT (TREATMENT_ID,DOCTOR_ID,IP_ID) values ('T000000011','E00000011','5149210');
Insert into ASM312.TREAT (TREATMENT_ID,DOCTOR_ID,IP_ID) values ('T000000012','E00000012','5473289');
Insert into ASM312.TREAT (TREATMENT_ID,DOCTOR_ID,IP_ID) values ('T000000013','E00000013','6421856');
Insert into ASM312.TREAT (TREATMENT_ID,DOCTOR_ID,IP_ID) values ('T000000014','E00000014','7283416');
Insert into ASM312.TREAT (TREATMENT_ID,DOCTOR_ID,IP_ID) values ('T000000015','E00000015','7619324');
Insert into ASM312.TREAT (TREATMENT_ID,DOCTOR_ID,IP_ID) values ('T000000016','E00000016','7712443');
Insert into ASM312.TREAT (TREATMENT_ID,DOCTOR_ID,IP_ID) values ('T000000017','E00000017','8639124');
Insert into ASM312.TREAT (TREATMENT_ID,DOCTOR_ID,IP_ID) values ('T000000018','E00000018','8956241');
Insert into ASM312.TREAT (TREATMENT_ID,DOCTOR_ID,IP_ID) values ('T000000019','E00000019','9235761');
Insert into ASM312.TREAT (TREATMENT_ID,DOCTOR_ID,IP_ID) values ('T000000020','E00000020','9387562');
Insert into ASM312.TREAT (TREATMENT_ID,DOCTOR_ID,IP_ID) values ('T000000021','E00000001','8956241');
Insert into ASM312.TREAT (TREATMENT_ID,DOCTOR_ID,IP_ID) values ('T000000022','E00000002','1638942');
Insert into ASM312.TREAT (TREATMENT_ID,DOCTOR_ID,IP_ID) values ('T000000023','E00000003','2469715');
Insert into ASM312.TREAT (TREATMENT_ID,DOCTOR_ID,IP_ID) values ('T000000024','E00000004','2597834');
Insert into ASM312.TREAT (TREATMENT_ID,DOCTOR_ID,IP_ID) values ('T000000025','E00000005','5473289');
Insert into ASM312.TREAT (TREATMENT_ID,DOCTOR_ID,IP_ID) values ('T000000026','E00000006','3781647');
Insert into ASM312.TREAT (TREATMENT_ID,DOCTOR_ID,IP_ID) values ('T000000027','E00000007','9387562');
Insert into ASM312.TREAT (TREATMENT_ID,DOCTOR_ID,IP_ID) values ('T000000028','E00000008','4621839');
Insert into ASM312.TREAT (TREATMENT_ID,DOCTOR_ID,IP_ID) values ('T000000029','E00000009','4719023');
Insert into ASM312.TREAT (TREATMENT_ID,DOCTOR_ID,IP_ID) values ('T000000030','E00000010','8956241');
REM INSERTING into ASM312.TREAT_USE_MED
SET DEFINE OFF;
Insert into ASM312.TREAT_USE_MED (TREATMENT_ID,MED_ID,DOSAGE) values ('T000000001','AML010',3);
Insert into ASM312.TREAT_USE_MED (TREATMENT_ID,MED_ID,DOSAGE) values ('T000000002','ATV006',2);
Insert into ASM312.TREAT_USE_MED (TREATMENT_ID,MED_ID,DOSAGE) values ('T000000003','AZI011',1);
Insert into ASM312.TREAT_USE_MED (TREATMENT_ID,MED_ID,DOSAGE) values ('T000000004','CIP012',2);
Insert into ASM312.TREAT_USE_MED (TREATMENT_ID,MED_ID,DOSAGE) values ('T000000005','IBU002',1);
Insert into ASM312.TREAT_USE_MED (TREATMENT_ID,MED_ID,DOSAGE) values ('T000000006','LIS008',6);
Insert into ASM312.TREAT_USE_MED (TREATMENT_ID,MED_ID,DOSAGE) values ('T000000007','MET007',5);
Insert into ASM312.TREAT_USE_MED (TREATMENT_ID,MED_ID,DOSAGE) values ('T000000008','OMP005',2);
Insert into ASM312.TREAT_USE_MED (TREATMENT_ID,MED_ID,DOSAGE) values ('T000000009','PRD013',2);
Insert into ASM312.TREAT_USE_MED (TREATMENT_ID,MED_ID,DOSAGE) values ('T000000010','RNT014',3);
Insert into ASM312.TREAT_USE_MED (TREATMENT_ID,MED_ID,DOSAGE) values ('T000000011','SIM009',2);
Insert into ASM312.TREAT_USE_MED (TREATMENT_ID,MED_ID,DOSAGE) values ('T000000012','AML010',4);
Insert into ASM312.TREAT_USE_MED (TREATMENT_ID,MED_ID,DOSAGE) values ('T000000013','ATV006',1);
Insert into ASM312.TREAT_USE_MED (TREATMENT_ID,MED_ID,DOSAGE) values ('T000000014','AZI011',2);
Insert into ASM312.TREAT_USE_MED (TREATMENT_ID,MED_ID,DOSAGE) values ('T000000015','CIP012',7);
Insert into ASM312.TREAT_USE_MED (TREATMENT_ID,MED_ID,DOSAGE) values ('T000000016','IBU002',3);
Insert into ASM312.TREAT_USE_MED (TREATMENT_ID,MED_ID,DOSAGE) values ('T000000017','LIS008',3);
Insert into ASM312.TREAT_USE_MED (TREATMENT_ID,MED_ID,DOSAGE) values ('T000000018','MET007',1);
Insert into ASM312.TREAT_USE_MED (TREATMENT_ID,MED_ID,DOSAGE) values ('T000000019','OMP005',2);
Insert into ASM312.TREAT_USE_MED (TREATMENT_ID,MED_ID,DOSAGE) values ('T000000020','PRD013',4);
Insert into ASM312.TREAT_USE_MED (TREATMENT_ID,MED_ID,DOSAGE) values ('T000000021','AMX004',2);
Insert into ASM312.TREAT_USE_MED (TREATMENT_ID,MED_ID,DOSAGE) values ('T000000022','ASP003',1);
Insert into ASM312.TREAT_USE_MED (TREATMENT_ID,MED_ID,DOSAGE) values ('T000000023','MET015',3);
Insert into ASM312.TREAT_USE_MED (TREATMENT_ID,MED_ID,DOSAGE) values ('T000000024','PAR001',1);
Insert into ASM312.TREAT_USE_MED (TREATMENT_ID,MED_ID,DOSAGE) values ('T000000025','RNT014',7);
Insert into ASM312.TREAT_USE_MED (TREATMENT_ID,MED_ID,DOSAGE) values ('T000000026','SIM009',2);
Insert into ASM312.TREAT_USE_MED (TREATMENT_ID,MED_ID,DOSAGE) values ('T000000027','ATV006',2);
Insert into ASM312.TREAT_USE_MED (TREATMENT_ID,MED_ID,DOSAGE) values ('T000000028','IBU002',4);
Insert into ASM312.TREAT_USE_MED (TREATMENT_ID,MED_ID,DOSAGE) values ('T000000029','PRD013',3);
Insert into ASM312.TREAT_USE_MED (TREATMENT_ID,MED_ID,DOSAGE) values ('T000000030','AML010',5);
REM INSERTING into ASM312.TREATMENT
SET DEFINE OFF;
Insert into ASM312.TREATMENT (TREATMENT_ID,RESULT,START_DATE,END_DATE,RECORD_ID) values ('T000000001','Fever Reduced',to_date('01-FEB-23','DD-MON-RR'),to_date('05-FEB-23','DD-MON-RR'),'IR00000001');
Insert into ASM312.TREATMENT (TREATMENT_ID,RESULT,START_DATE,END_DATE,RECORD_ID) values ('T000000002','Pain Alleviated',to_date('03-MAR-23','DD-MON-RR'),to_date('08-MAR-23','DD-MON-RR'),'IR00000002');
Insert into ASM312.TREATMENT (TREATMENT_ID,RESULT,START_DATE,END_DATE,RECORD_ID) values ('T000000003','Infection Controlled',to_date('05-APR-23','DD-MON-RR'),to_date('10-APR-23','DD-MON-RR'),'IR00000003');
Insert into ASM312.TREATMENT (TREATMENT_ID,RESULT,START_DATE,END_DATE,RECORD_ID) values ('T000000004','Recovery in Progress',to_date('12-MAY-23','DD-MON-RR'),to_date('17-MAY-23','DD-MON-RR'),'IR00000004');
Insert into ASM312.TREATMENT (TREATMENT_ID,RESULT,START_DATE,END_DATE,RECORD_ID) values ('T000000005','Wound Healing',to_date('15-JUN-23','DD-MON-RR'),to_date('20-JUN-23','DD-MON-RR'),'IR00000005');
Insert into ASM312.TREATMENT (TREATMENT_ID,RESULT,START_DATE,END_DATE,RECORD_ID) values ('T000000006','Post-Op Checkup',to_date('18-JUL-23','DD-MON-RR'),to_date('23-JUL-23','DD-MON-RR'),'IR00000006');
Insert into ASM312.TREATMENT (TREATMENT_ID,RESULT,START_DATE,END_DATE,RECORD_ID) values ('T000000007','Medication Adjustment',to_date('21-AUG-23','DD-MON-RR'),to_date('26-AUG-23','DD-MON-RR'),'IR00000007');
Insert into ASM312.TREATMENT (TREATMENT_ID,RESULT,START_DATE,END_DATE,RECORD_ID) values ('T000000008','Physical Therapy',to_date('24-SEP-23','DD-MON-RR'),to_date('29-SEP-23','DD-MON-RR'),'IR00000008');
Insert into ASM312.TREATMENT (TREATMENT_ID,RESULT,START_DATE,END_DATE,RECORD_ID) values ('T000000009','Blood Tests',to_date('27-OCT-23','DD-MON-RR'),to_date('01-NOV-23','DD-MON-RR'),'IR00000009');
Insert into ASM312.TREATMENT (TREATMENT_ID,RESULT,START_DATE,END_DATE,RECORD_ID) values ('T000000010','Diagnostic Imaging',to_date('29-NOV-23','DD-MON-RR'),to_date('03-DEC-23','DD-MON-RR'),'IR00000010');
Insert into ASM312.TREATMENT (TREATMENT_ID,RESULT,START_DATE,END_DATE,RECORD_ID) values ('T000000011','Pain Management',to_date('03-FEB-23','DD-MON-RR'),to_date('07-FEB-23','DD-MON-RR'),'IR00000011');
Insert into ASM312.TREATMENT (TREATMENT_ID,RESULT,START_DATE,END_DATE,RECORD_ID) values ('T000000012','Physiotherapy',to_date('06-MAR-23','DD-MON-RR'),to_date('11-MAR-23','DD-MON-RR'),'IR00000012');
Insert into ASM312.TREATMENT (TREATMENT_ID,RESULT,START_DATE,END_DATE,RECORD_ID) values ('T000000013','Routine Check-up',to_date('09-APR-23','DD-MON-RR'),to_date('14-APR-23','DD-MON-RR'),'IR00000013');
Insert into ASM312.TREATMENT (TREATMENT_ID,RESULT,START_DATE,END_DATE,RECORD_ID) values ('T000000014','Post-Surgery Consultation',to_date('14-MAY-23','DD-MON-RR'),to_date('19-MAY-23','DD-MON-RR'),'IR00000014');
Insert into ASM312.TREATMENT (TREATMENT_ID,RESULT,START_DATE,END_DATE,RECORD_ID) values ('T000000015','Follow-up Examination',to_date('17-JUN-23','DD-MON-RR'),to_date('22-JUN-23','DD-MON-RR'),'IR00000015');
Insert into ASM312.TREATMENT (TREATMENT_ID,RESULT,START_DATE,END_DATE,RECORD_ID) values ('T000000016','Rehabilitation Session',to_date('20-JUL-23','DD-MON-RR'),to_date('25-JUL-23','DD-MON-RR'),'IR00000016');
Insert into ASM312.TREATMENT (TREATMENT_ID,RESULT,START_DATE,END_DATE,RECORD_ID) values ('T000000017','Treatment Review',to_date('23-AUG-23','DD-MON-RR'),to_date('28-AUG-23','DD-MON-RR'),'IR00000017');
Insert into ASM312.TREATMENT (TREATMENT_ID,RESULT,START_DATE,END_DATE,RECORD_ID) values ('T000000018','Medication Assessment',to_date('26-SEP-23','DD-MON-RR'),to_date('01-OCT-23','DD-MON-RR'),'IR00000018');
Insert into ASM312.TREATMENT (TREATMENT_ID,RESULT,START_DATE,END_DATE,RECORD_ID) values ('T000000019','Physical Exam',to_date('29-OCT-23','DD-MON-RR'),to_date('03-NOV-23','DD-MON-RR'),'IR00000019');
Insert into ASM312.TREATMENT (TREATMENT_ID,RESULT,START_DATE,END_DATE,RECORD_ID) values ('T000000020','Check-up Appointment',to_date('30-NOV-23','DD-MON-RR'),to_date('05-DEC-23','DD-MON-RR'),'IR00000020');
Insert into ASM312.TREATMENT (TREATMENT_ID,RESULT,START_DATE,END_DATE,RECORD_ID) values ('T000000021','Fever Monitoring',to_date('05-FEB-23','DD-MON-RR'),to_date('10-FEB-23','DD-MON-RR'),'IR00000021');
Insert into ASM312.TREATMENT (TREATMENT_ID,RESULT,START_DATE,END_DATE,RECORD_ID) values ('T000000022','Pain Management Session',to_date('08-MAR-23','DD-MON-RR'),to_date('13-MAR-23','DD-MON-RR'),'IR00000022');
Insert into ASM312.TREATMENT (TREATMENT_ID,RESULT,START_DATE,END_DATE,RECORD_ID) values ('T000000023','Recovery Assessment',to_date('11-APR-23','DD-MON-RR'),to_date('16-APR-23','DD-MON-RR'),'IR00000023');
Insert into ASM312.TREATMENT (TREATMENT_ID,RESULT,START_DATE,END_DATE,RECORD_ID) values ('T000000024','Wound Dressing',to_date('16-MAY-23','DD-MON-RR'),to_date('21-MAY-23','DD-MON-RR'),'IR00000024');
Insert into ASM312.TREATMENT (TREATMENT_ID,RESULT,START_DATE,END_DATE,RECORD_ID) values ('T000000025','Post-Op Consultation',to_date('19-JUN-23','DD-MON-RR'),to_date('24-JUN-23','DD-MON-RR'),'IR00000025');
Insert into ASM312.TREATMENT (TREATMENT_ID,RESULT,START_DATE,END_DATE,RECORD_ID) values ('T000000026','Diagnostic Tests',to_date('22-JUL-23','DD-MON-RR'),to_date('27-JUL-23','DD-MON-RR'),'IR00000001');
Insert into ASM312.TREATMENT (TREATMENT_ID,RESULT,START_DATE,END_DATE,RECORD_ID) values ('T000000027','Physical Rehabilitation',to_date('25-AUG-23','DD-MON-RR'),to_date('30-AUG-23','DD-MON-RR'),'IR00000002');
Insert into ASM312.TREATMENT (TREATMENT_ID,RESULT,START_DATE,END_DATE,RECORD_ID) values ('T000000028','Treatment Follow-up',to_date('28-SEP-23','DD-MON-RR'),to_date('03-OCT-23','DD-MON-RR'),'IR00000003');
Insert into ASM312.TREATMENT (TREATMENT_ID,RESULT,START_DATE,END_DATE,RECORD_ID) values ('T000000029','Medication Review',to_date('31-OCT-23','DD-MON-RR'),to_date('05-NOV-23','DD-MON-RR'),'IR00000004');
Insert into ASM312.TREATMENT (TREATMENT_ID,RESULT,START_DATE,END_DATE,RECORD_ID) values ('T000000030','Check-up Evaluation',to_date('30-APR-23','DD-MON-RR'),to_date('05-JUL-23','DD-MON-RR'),'IR00000005');
REM INSERTING into ASM312.USERS
SET DEFINE OFF;
Insert into ASM312.USERS (USERNAME,PASSWORD) values ('Le Viet Tung','2153083');
Insert into ASM312.USERS (USERNAME,PASSWORD) values ('Vu Nguyen Lan Vi','2153094');
--------------------------------------------------------
--  DDL for Index SYS_C008410
--------------------------------------------------------

  CREATE UNIQUE INDEX "ASM312"."SYS_C008410" ON "ASM312"."DEAN" ("UNIQUE_CODE") 
  PCTFREE 10 INITRANS 2 MAXTRANS 255 COMPUTE STATISTICS 
  STORAGE(INITIAL 65536 NEXT 1048576 MINEXTENTS 1 MAXEXTENTS 2147483645
  PCTINCREASE 0 FREELISTS 1 FREELIST GROUPS 1
  BUFFER_POOL DEFAULT FLASH_CACHE DEFAULT CELL_FLASH_CACHE DEFAULT)
  TABLESPACE "USERS" ;
--------------------------------------------------------
--  DDL for Index SYS_C008414
--------------------------------------------------------

  CREATE UNIQUE INDEX "ASM312"."SYS_C008414" ON "ASM312"."DEPARTMENT" ("UNIQUE_CODE") 
  PCTFREE 10 INITRANS 2 MAXTRANS 255 COMPUTE STATISTICS 
  STORAGE(INITIAL 65536 NEXT 1048576 MINEXTENTS 1 MAXEXTENTS 2147483645
  PCTINCREASE 0 FREELISTS 1 FREELIST GROUPS 1
  BUFFER_POOL DEFAULT FLASH_CACHE DEFAULT CELL_FLASH_CACHE DEFAULT)
  TABLESPACE "USERS" ;
--------------------------------------------------------
--  DDL for Index SYS_C008504
--------------------------------------------------------

  CREATE UNIQUE INDEX "ASM312"."SYS_C008504" ON "ASM312"."DEPARTMENT" ("TITLE") 
  PCTFREE 10 INITRANS 2 MAXTRANS 255 COMPUTE STATISTICS 
  STORAGE(INITIAL 65536 NEXT 1048576 MINEXTENTS 1 MAXEXTENTS 2147483645
  PCTINCREASE 0 FREELISTS 1 FREELIST GROUPS 1
  BUFFER_POOL DEFAULT FLASH_CACHE DEFAULT CELL_FLASH_CACHE DEFAULT)
  TABLESPACE "USERS" ;
--------------------------------------------------------
--  DDL for Index SYS_C008408
--------------------------------------------------------

  CREATE UNIQUE INDEX "ASM312"."SYS_C008408" ON "ASM312"."DOCTOR" ("UNIQUE_CODE") 
  PCTFREE 10 INITRANS 2 MAXTRANS 255 COMPUTE STATISTICS 
  STORAGE(INITIAL 65536 NEXT 1048576 MINEXTENTS 1 MAXEXTENTS 2147483645
  PCTINCREASE 0 FREELISTS 1 FREELIST GROUPS 1
  BUFFER_POOL DEFAULT FLASH_CACHE DEFAULT CELL_FLASH_CACHE DEFAULT)
  TABLESPACE "USERS" ;
--------------------------------------------------------
--  DDL for Index SYS_C008405
--------------------------------------------------------

  CREATE UNIQUE INDEX "ASM312"."SYS_C008405" ON "ASM312"."EMPLOYEE" ("UNIQUE_CODE") 
  PCTFREE 10 INITRANS 2 MAXTRANS 255 COMPUTE STATISTICS 
  STORAGE(INITIAL 65536 NEXT 1048576 MINEXTENTS 1 MAXEXTENTS 2147483645
  PCTINCREASE 0 FREELISTS 1 FREELIST GROUPS 1
  BUFFER_POOL DEFAULT FLASH_CACHE DEFAULT CELL_FLASH_CACHE DEFAULT)
  TABLESPACE "USERS" ;
--------------------------------------------------------
--  DDL for Index EXAM_USE_MED_PK
--------------------------------------------------------

  CREATE UNIQUE INDEX "ASM312"."EXAM_USE_MED_PK" ON "ASM312"."EXAM_USE_MED" ("EXAM_ID", "MED_ID") 
  PCTFREE 10 INITRANS 2 MAXTRANS 255 COMPUTE STATISTICS 
  STORAGE(INITIAL 65536 NEXT 1048576 MINEXTENTS 1 MAXEXTENTS 2147483645
  PCTINCREASE 0 FREELISTS 1 FREELIST GROUPS 1
  BUFFER_POOL DEFAULT FLASH_CACHE DEFAULT CELL_FLASH_CACHE DEFAULT)
  TABLESPACE "USERS" ;
--------------------------------------------------------
--  DDL for Index SYS_C008557
--------------------------------------------------------

  CREATE UNIQUE INDEX "ASM312"."SYS_C008557" ON "ASM312"."EXAMINATION" ("EXAM_ID") 
  PCTFREE 10 INITRANS 2 MAXTRANS 255 COMPUTE STATISTICS 
  STORAGE(INITIAL 65536 NEXT 1048576 MINEXTENTS 1 MAXEXTENTS 2147483645
  PCTINCREASE 0 FREELISTS 1 FREELIST GROUPS 1
  BUFFER_POOL DEFAULT FLASH_CACHE DEFAULT CELL_FLASH_CACHE DEFAULT)
  TABLESPACE "USERS" ;
--------------------------------------------------------
--  DDL for Index EXAMINE_PK
--------------------------------------------------------

  CREATE UNIQUE INDEX "ASM312"."EXAMINE_PK" ON "ASM312"."EXAMINE" ("EXAM_ID", "DOCTOR_ID") 
  PCTFREE 10 INITRANS 2 MAXTRANS 255 COMPUTE STATISTICS 
  STORAGE(INITIAL 65536 NEXT 1048576 MINEXTENTS 1 MAXEXTENTS 2147483645
  PCTINCREASE 0 FREELISTS 1 FREELIST GROUPS 1
  BUFFER_POOL DEFAULT FLASH_CACHE DEFAULT CELL_FLASH_CACHE DEFAULT)
  TABLESPACE "USERS" ;
--------------------------------------------------------
--  DDL for Index SYS_C008453
--------------------------------------------------------

  CREATE UNIQUE INDEX "ASM312"."SYS_C008453" ON "ASM312"."INPATIENT" ("ID") 
  PCTFREE 10 INITRANS 2 MAXTRANS 255 COMPUTE STATISTICS 
  STORAGE(INITIAL 65536 NEXT 1048576 MINEXTENTS 1 MAXEXTENTS 2147483645
  PCTINCREASE 0 FREELISTS 1 FREELIST GROUPS 1
  BUFFER_POOL DEFAULT FLASH_CACHE DEFAULT CELL_FLASH_CACHE DEFAULT)
  TABLESPACE "USERS" ;
--------------------------------------------------------
--  DDL for Index SYS_C008454
--------------------------------------------------------

  CREATE UNIQUE INDEX "ASM312"."SYS_C008454" ON "ASM312"."INPATIENT" ("PHONE_NO") 
  PCTFREE 10 INITRANS 2 MAXTRANS 255 COMPUTE STATISTICS 
  STORAGE(INITIAL 65536 NEXT 1048576 MINEXTENTS 1 MAXEXTENTS 2147483645
  PCTINCREASE 0 FREELISTS 1 FREELIST GROUPS 1
  BUFFER_POOL DEFAULT FLASH_CACHE DEFAULT CELL_FLASH_CACHE DEFAULT)
  TABLESPACE "USERS" ;
--------------------------------------------------------
--  DDL for Index SYS_C008549
--------------------------------------------------------

  CREATE UNIQUE INDEX "ASM312"."SYS_C008549" ON "ASM312"."INPATIENT_RECORD" ("RECORD_ID") 
  PCTFREE 10 INITRANS 2 MAXTRANS 255 COMPUTE STATISTICS 
  STORAGE(INITIAL 65536 NEXT 1048576 MINEXTENTS 1 MAXEXTENTS 2147483645
  PCTINCREASE 0 FREELISTS 1 FREELIST GROUPS 1
  BUFFER_POOL DEFAULT FLASH_CACHE DEFAULT CELL_FLASH_CACHE DEFAULT)
  TABLESPACE "USERS" ;
--------------------------------------------------------
--  DDL for Index MED_EFFECT_PK
--------------------------------------------------------

  CREATE UNIQUE INDEX "ASM312"."MED_EFFECT_PK" ON "ASM312"."MED_EFFECT" ("MED_UC", "MED_EFFECT") 
  PCTFREE 10 INITRANS 2 MAXTRANS 255 COMPUTE STATISTICS 
  STORAGE(INITIAL 65536 NEXT 1048576 MINEXTENTS 1 MAXEXTENTS 2147483645
  PCTINCREASE 0 FREELISTS 1 FREELIST GROUPS 1
  BUFFER_POOL DEFAULT FLASH_CACHE DEFAULT CELL_FLASH_CACHE DEFAULT)
  TABLESPACE "USERS" ;
--------------------------------------------------------
--  DDL for Index SYS_C008567
--------------------------------------------------------

  CREATE UNIQUE INDEX "ASM312"."SYS_C008567" ON "ASM312"."MEDICATION" ("UNIQUE_CODE") 
  PCTFREE 10 INITRANS 2 MAXTRANS 255 COMPUTE STATISTICS 
  STORAGE(INITIAL 65536 NEXT 1048576 MINEXTENTS 1 MAXEXTENTS 2147483645
  PCTINCREASE 0 FREELISTS 1 FREELIST GROUPS 1
  BUFFER_POOL DEFAULT FLASH_CACHE DEFAULT CELL_FLASH_CACHE DEFAULT)
  TABLESPACE "USERS" ;
--------------------------------------------------------
--  DDL for Index SYS_C008591
--------------------------------------------------------

  CREATE UNIQUE INDEX "ASM312"."SYS_C008591" ON "ASM312"."MEDICATION" ("NAME") 
  PCTFREE 10 INITRANS 2 MAXTRANS 255 COMPUTE STATISTICS 
  STORAGE(INITIAL 65536 NEXT 1048576 MINEXTENTS 1 MAXEXTENTS 2147483645
  PCTINCREASE 0 FREELISTS 1 FREELIST GROUPS 1
  BUFFER_POOL DEFAULT FLASH_CACHE DEFAULT CELL_FLASH_CACHE DEFAULT)
  TABLESPACE "USERS" ;
--------------------------------------------------------
--  DDL for Index SYS_C008594
--------------------------------------------------------

  CREATE UNIQUE INDEX "ASM312"."SYS_C008594" ON "ASM312"."MEDICINE" ("MED_ID") 
  PCTFREE 10 INITRANS 2 MAXTRANS 255 COMPUTE STATISTICS 
  STORAGE(INITIAL 65536 NEXT 1048576 MINEXTENTS 1 MAXEXTENTS 2147483645
  PCTINCREASE 0 FREELISTS 1 FREELIST GROUPS 1
  BUFFER_POOL DEFAULT FLASH_CACHE DEFAULT CELL_FLASH_CACHE DEFAULT)
  TABLESPACE "USERS" ;
--------------------------------------------------------
--  DDL for Index SYS_C008406
--------------------------------------------------------

  CREATE UNIQUE INDEX "ASM312"."SYS_C008406" ON "ASM312"."NURSE" ("UNIQUE_CODE") 
  PCTFREE 10 INITRANS 2 MAXTRANS 255 COMPUTE STATISTICS 
  STORAGE(INITIAL 65536 NEXT 1048576 MINEXTENTS 1 MAXEXTENTS 2147483645
  PCTINCREASE 0 FREELISTS 1 FREELIST GROUPS 1
  BUFFER_POOL DEFAULT FLASH_CACHE DEFAULT CELL_FLASH_CACHE DEFAULT)
  TABLESPACE "USERS" ;
--------------------------------------------------------
--  DDL for Index SYS_C008463
--------------------------------------------------------

  CREATE UNIQUE INDEX "ASM312"."SYS_C008463" ON "ASM312"."OUTPATIENT" ("ID") 
  PCTFREE 10 INITRANS 2 MAXTRANS 255 COMPUTE STATISTICS 
  STORAGE(INITIAL 65536 NEXT 1048576 MINEXTENTS 1 MAXEXTENTS 2147483645
  PCTINCREASE 0 FREELISTS 1 FREELIST GROUPS 1
  BUFFER_POOL DEFAULT FLASH_CACHE DEFAULT CELL_FLASH_CACHE DEFAULT)
  TABLESPACE "USERS" ;
--------------------------------------------------------
--  DDL for Index SYS_C008464
--------------------------------------------------------

  CREATE UNIQUE INDEX "ASM312"."SYS_C008464" ON "ASM312"."OUTPATIENT" ("PHONE_NO") 
  PCTFREE 10 INITRANS 2 MAXTRANS 255 COMPUTE STATISTICS 
  STORAGE(INITIAL 65536 NEXT 1048576 MINEXTENTS 1 MAXEXTENTS 2147483645
  PCTINCREASE 0 FREELISTS 1 FREELIST GROUPS 1
  BUFFER_POOL DEFAULT FLASH_CACHE DEFAULT CELL_FLASH_CACHE DEFAULT)
  TABLESPACE "USERS" ;
--------------------------------------------------------
--  DDL for Index SYS_C008552
--------------------------------------------------------

  CREATE UNIQUE INDEX "ASM312"."SYS_C008552" ON "ASM312"."OUTPATIENT_RECORD" ("RECORD_ID") 
  PCTFREE 10 INITRANS 2 MAXTRANS 255 COMPUTE STATISTICS 
  STORAGE(INITIAL 65536 NEXT 1048576 MINEXTENTS 1 MAXEXTENTS 2147483645
  PCTINCREASE 0 FREELISTS 1 FREELIST GROUPS 1
  BUFFER_POOL DEFAULT FLASH_CACHE DEFAULT CELL_FLASH_CACHE DEFAULT)
  TABLESPACE "USERS" ;
--------------------------------------------------------
--  DDL for Index PHONE_PK
--------------------------------------------------------

  CREATE UNIQUE INDEX "ASM312"."PHONE_PK" ON "ASM312"."PHONE_NUMBER" ("PHONE_NUM", "EMP_UC") 
  PCTFREE 10 INITRANS 2 MAXTRANS 255 COMPUTE STATISTICS 
  STORAGE(INITIAL 65536 NEXT 1048576 MINEXTENTS 1 MAXEXTENTS 2147483645
  PCTINCREASE 0 FREELISTS 1 FREELIST GROUPS 1
  BUFFER_POOL DEFAULT FLASH_CACHE DEFAULT CELL_FLASH_CACHE DEFAULT)
  TABLESPACE "USERS" ;
--------------------------------------------------------
--  DDL for Index SYS_C008546
--------------------------------------------------------

  CREATE UNIQUE INDEX "ASM312"."SYS_C008546" ON "ASM312"."PHONE_NUMBER" ("PHONE_NUM") 
  PCTFREE 10 INITRANS 2 MAXTRANS 255 COMPUTE STATISTICS 
  STORAGE(INITIAL 65536 NEXT 1048576 MINEXTENTS 1 MAXEXTENTS 2147483645
  PCTINCREASE 0 FREELISTS 1 FREELIST GROUPS 1
  BUFFER_POOL DEFAULT FLASH_CACHE DEFAULT CELL_FLASH_CACHE DEFAULT)
  TABLESPACE "USERS" ;
--------------------------------------------------------
--  DDL for Index PROVIDE_PK
--------------------------------------------------------

  CREATE UNIQUE INDEX "ASM312"."PROVIDE_PK" ON "ASM312"."PROVIDE" ("MED_ID", "PROV_NO") 
  PCTFREE 10 INITRANS 2 MAXTRANS 255 COMPUTE STATISTICS 
  STORAGE(INITIAL 65536 NEXT 1048576 MINEXTENTS 1 MAXEXTENTS 2147483645
  PCTINCREASE 0 FREELISTS 1 FREELIST GROUPS 1
  BUFFER_POOL DEFAULT FLASH_CACHE DEFAULT CELL_FLASH_CACHE DEFAULT)
  TABLESPACE "USERS" ;
--------------------------------------------------------
--  DDL for Index SYS_C008589
--------------------------------------------------------

  CREATE UNIQUE INDEX "ASM312"."SYS_C008589" ON "ASM312"."PROVIDER" ("UNIQUE_NUMBER") 
  PCTFREE 10 INITRANS 2 MAXTRANS 255 COMPUTE STATISTICS 
  STORAGE(INITIAL 65536 NEXT 1048576 MINEXTENTS 1 MAXEXTENTS 2147483645
  PCTINCREASE 0 FREELISTS 1 FREELIST GROUPS 1
  BUFFER_POOL DEFAULT FLASH_CACHE DEFAULT CELL_FLASH_CACHE DEFAULT)
  TABLESPACE "USERS" ;
--------------------------------------------------------
--  DDL for Index SYS_C008590
--------------------------------------------------------

  CREATE UNIQUE INDEX "ASM312"."SYS_C008590" ON "ASM312"."PROVIDER" ("PHONE") 
  PCTFREE 10 INITRANS 2 MAXTRANS 255 COMPUTE STATISTICS 
  STORAGE(INITIAL 65536 NEXT 1048576 MINEXTENTS 1 MAXEXTENTS 2147483645
  PCTINCREASE 0 FREELISTS 1 FREELIST GROUPS 1
  BUFFER_POOL DEFAULT FLASH_CACHE DEFAULT CELL_FLASH_CACHE DEFAULT)
  TABLESPACE "USERS" ;
--------------------------------------------------------
--  DDL for Index TREAT_PK
--------------------------------------------------------

  CREATE UNIQUE INDEX "ASM312"."TREAT_PK" ON "ASM312"."TREAT" ("TREATMENT_ID", "DOCTOR_ID") 
  PCTFREE 10 INITRANS 2 MAXTRANS 255 COMPUTE STATISTICS 
  STORAGE(INITIAL 65536 NEXT 1048576 MINEXTENTS 1 MAXEXTENTS 2147483645
  PCTINCREASE 0 FREELISTS 1 FREELIST GROUPS 1
  BUFFER_POOL DEFAULT FLASH_CACHE DEFAULT CELL_FLASH_CACHE DEFAULT)
  TABLESPACE "USERS" ;
--------------------------------------------------------
--  DDL for Index TREAT_USE_MED
--------------------------------------------------------

  CREATE UNIQUE INDEX "ASM312"."TREAT_USE_MED" ON "ASM312"."TREAT_USE_MED" ("TREATMENT_ID", "MED_ID") 
  PCTFREE 10 INITRANS 2 MAXTRANS 255 COMPUTE STATISTICS 
  STORAGE(INITIAL 65536 NEXT 1048576 MINEXTENTS 1 MAXEXTENTS 2147483645
  PCTINCREASE 0 FREELISTS 1 FREELIST GROUPS 1
  BUFFER_POOL DEFAULT FLASH_CACHE DEFAULT CELL_FLASH_CACHE DEFAULT)
  TABLESPACE "USERS" ;
--------------------------------------------------------
--  DDL for Index SYS_C008575
--------------------------------------------------------

  CREATE UNIQUE INDEX "ASM312"."SYS_C008575" ON "ASM312"."TREATMENT" ("TREATMENT_ID") 
  PCTFREE 10 INITRANS 2 MAXTRANS 255 COMPUTE STATISTICS 
  STORAGE(INITIAL 65536 NEXT 1048576 MINEXTENTS 1 MAXEXTENTS 2147483645
  PCTINCREASE 0 FREELISTS 1 FREELIST GROUPS 1
  BUFFER_POOL DEFAULT FLASH_CACHE DEFAULT CELL_FLASH_CACHE DEFAULT)
  TABLESPACE "USERS" ;
--------------------------------------------------------
--  DDL for Index USER_PK
--------------------------------------------------------

  CREATE UNIQUE INDEX "ASM312"."USER_PK" ON "ASM312"."USERS" ("USERNAME", "PASSWORD") 
  PCTFREE 10 INITRANS 2 MAXTRANS 255 COMPUTE STATISTICS 
  STORAGE(INITIAL 65536 NEXT 1048576 MINEXTENTS 1 MAXEXTENTS 2147483645
  PCTINCREASE 0 FREELISTS 1 FREELIST GROUPS 1
  BUFFER_POOL DEFAULT FLASH_CACHE DEFAULT CELL_FLASH_CACHE DEFAULT)
  TABLESPACE "USERS" ;
--------------------------------------------------------
--  Constraints for Table DEAN
--------------------------------------------------------

  ALTER TABLE "ASM312"."DEAN" ADD PRIMARY KEY ("UNIQUE_CODE")
  USING INDEX PCTFREE 10 INITRANS 2 MAXTRANS 255 COMPUTE STATISTICS 
  STORAGE(INITIAL 65536 NEXT 1048576 MINEXTENTS 1 MAXEXTENTS 2147483645
  PCTINCREASE 0 FREELISTS 1 FREELIST GROUPS 1
  BUFFER_POOL DEFAULT FLASH_CACHE DEFAULT CELL_FLASH_CACHE DEFAULT)
  TABLESPACE "USERS"  ENABLE;
--------------------------------------------------------
--  Constraints for Table DEPARTMENT
--------------------------------------------------------

  ALTER TABLE "ASM312"."DEPARTMENT" MODIFY ("TITLE" NOT NULL ENABLE);
  ALTER TABLE "ASM312"."DEPARTMENT" MODIFY ("DEAN_UC" NOT NULL ENABLE);
  ALTER TABLE "ASM312"."DEPARTMENT" ADD PRIMARY KEY ("UNIQUE_CODE")
  USING INDEX PCTFREE 10 INITRANS 2 MAXTRANS 255 COMPUTE STATISTICS 
  STORAGE(INITIAL 65536 NEXT 1048576 MINEXTENTS 1 MAXEXTENTS 2147483645
  PCTINCREASE 0 FREELISTS 1 FREELIST GROUPS 1
  BUFFER_POOL DEFAULT FLASH_CACHE DEFAULT CELL_FLASH_CACHE DEFAULT)
  TABLESPACE "USERS"  ENABLE;
  ALTER TABLE "ASM312"."DEPARTMENT" ADD UNIQUE ("TITLE")
  USING INDEX PCTFREE 10 INITRANS 2 MAXTRANS 255 COMPUTE STATISTICS 
  STORAGE(INITIAL 65536 NEXT 1048576 MINEXTENTS 1 MAXEXTENTS 2147483645
  PCTINCREASE 0 FREELISTS 1 FREELIST GROUPS 1
  BUFFER_POOL DEFAULT FLASH_CACHE DEFAULT CELL_FLASH_CACHE DEFAULT)
  TABLESPACE "USERS"  ENABLE;
--------------------------------------------------------
--  Constraints for Table DOCTOR
--------------------------------------------------------

  ALTER TABLE "ASM312"."DOCTOR" ADD PRIMARY KEY ("UNIQUE_CODE")
  USING INDEX PCTFREE 10 INITRANS 2 MAXTRANS 255 COMPUTE STATISTICS 
  STORAGE(INITIAL 65536 NEXT 1048576 MINEXTENTS 1 MAXEXTENTS 2147483645
  PCTINCREASE 0 FREELISTS 1 FREELIST GROUPS 1
  BUFFER_POOL DEFAULT FLASH_CACHE DEFAULT CELL_FLASH_CACHE DEFAULT)
  TABLESPACE "USERS"  ENABLE;
--------------------------------------------------------
--  Constraints for Table EMPLOYEE
--------------------------------------------------------

  ALTER TABLE "ASM312"."EMPLOYEE" MODIFY ("FNAME" NOT NULL ENABLE);
  ALTER TABLE "ASM312"."EMPLOYEE" MODIFY ("LNAME" NOT NULL ENABLE);
  ALTER TABLE "ASM312"."EMPLOYEE" MODIFY ("SPECIALTY_NAME" NOT NULL ENABLE);
  ALTER TABLE "ASM312"."EMPLOYEE" MODIFY ("DEGREE_YEAR" NOT NULL ENABLE);
  ALTER TABLE "ASM312"."EMPLOYEE" MODIFY ("DEPT_UC" NOT NULL ENABLE);
  ALTER TABLE "ASM312"."EMPLOYEE" ADD PRIMARY KEY ("UNIQUE_CODE")
  USING INDEX PCTFREE 10 INITRANS 2 MAXTRANS 255 COMPUTE STATISTICS 
  STORAGE(INITIAL 65536 NEXT 1048576 MINEXTENTS 1 MAXEXTENTS 2147483645
  PCTINCREASE 0 FREELISTS 1 FREELIST GROUPS 1
  BUFFER_POOL DEFAULT FLASH_CACHE DEFAULT CELL_FLASH_CACHE DEFAULT)
  TABLESPACE "USERS"  ENABLE;
--------------------------------------------------------
--  Constraints for Table EXAM_USE_MED
--------------------------------------------------------

  ALTER TABLE "ASM312"."EXAM_USE_MED" MODIFY ("DOSAGE" NOT NULL ENABLE);
  ALTER TABLE "ASM312"."EXAM_USE_MED" ADD CONSTRAINT "EXAM_USE_MED_PK" PRIMARY KEY ("EXAM_ID", "MED_ID")
  USING INDEX PCTFREE 10 INITRANS 2 MAXTRANS 255 COMPUTE STATISTICS 
  STORAGE(INITIAL 65536 NEXT 1048576 MINEXTENTS 1 MAXEXTENTS 2147483645
  PCTINCREASE 0 FREELISTS 1 FREELIST GROUPS 1
  BUFFER_POOL DEFAULT FLASH_CACHE DEFAULT CELL_FLASH_CACHE DEFAULT)
  TABLESPACE "USERS"  ENABLE;
--------------------------------------------------------
--  Constraints for Table EXAMINATION
--------------------------------------------------------

  ALTER TABLE "ASM312"."EXAMINATION" MODIFY ("DIAGNOSIS" NOT NULL ENABLE);
  ALTER TABLE "ASM312"."EXAMINATION" MODIFY ("RESULT" NOT NULL ENABLE);
  ALTER TABLE "ASM312"."EXAMINATION" MODIFY ("RECORD_ID" NOT NULL ENABLE);
  ALTER TABLE "ASM312"."EXAMINATION" ADD PRIMARY KEY ("EXAM_ID")
  USING INDEX PCTFREE 10 INITRANS 2 MAXTRANS 255 COMPUTE STATISTICS 
  STORAGE(INITIAL 65536 NEXT 1048576 MINEXTENTS 1 MAXEXTENTS 2147483645
  PCTINCREASE 0 FREELISTS 1 FREELIST GROUPS 1
  BUFFER_POOL DEFAULT FLASH_CACHE DEFAULT CELL_FLASH_CACHE DEFAULT)
  TABLESPACE "USERS"  ENABLE;
--------------------------------------------------------
--  Constraints for Table EXAMINE
--------------------------------------------------------

  ALTER TABLE "ASM312"."EXAMINE" MODIFY ("EXAM_ID" NOT NULL ENABLE);
  ALTER TABLE "ASM312"."EXAMINE" MODIFY ("DOCTOR_ID" NOT NULL ENABLE);
  ALTER TABLE "ASM312"."EXAMINE" MODIFY ("OP_ID" NOT NULL ENABLE);
  ALTER TABLE "ASM312"."EXAMINE" ADD CONSTRAINT "EXAMINE_PK" PRIMARY KEY ("EXAM_ID", "DOCTOR_ID")
  USING INDEX PCTFREE 10 INITRANS 2 MAXTRANS 255 COMPUTE STATISTICS 
  STORAGE(INITIAL 65536 NEXT 1048576 MINEXTENTS 1 MAXEXTENTS 2147483645
  PCTINCREASE 0 FREELISTS 1 FREELIST GROUPS 1
  BUFFER_POOL DEFAULT FLASH_CACHE DEFAULT CELL_FLASH_CACHE DEFAULT)
  TABLESPACE "USERS"  ENABLE;
--------------------------------------------------------
--  Constraints for Table INPATIENT
--------------------------------------------------------

  ALTER TABLE "ASM312"."INPATIENT" MODIFY ("IPCODE" NOT NULL ENABLE);
  ALTER TABLE "ASM312"."INPATIENT" MODIFY ("FNAME" NOT NULL ENABLE);
  ALTER TABLE "ASM312"."INPATIENT" MODIFY ("LNAME" NOT NULL ENABLE);
  ALTER TABLE "ASM312"."INPATIENT" MODIFY ("PHONE_NO" NOT NULL ENABLE);
  ALTER TABLE "ASM312"."INPATIENT" MODIFY ("NURSE_UC" NOT NULL ENABLE);
  ALTER TABLE "ASM312"."INPATIENT" ADD PRIMARY KEY ("ID")
  USING INDEX PCTFREE 10 INITRANS 2 MAXTRANS 255 COMPUTE STATISTICS 
  STORAGE(INITIAL 65536 NEXT 1048576 MINEXTENTS 1 MAXEXTENTS 2147483645
  PCTINCREASE 0 FREELISTS 1 FREELIST GROUPS 1
  BUFFER_POOL DEFAULT FLASH_CACHE DEFAULT CELL_FLASH_CACHE DEFAULT)
  TABLESPACE "USERS"  ENABLE;
  ALTER TABLE "ASM312"."INPATIENT" ADD UNIQUE ("PHONE_NO")
  USING INDEX PCTFREE 10 INITRANS 2 MAXTRANS 255 COMPUTE STATISTICS 
  STORAGE(INITIAL 65536 NEXT 1048576 MINEXTENTS 1 MAXEXTENTS 2147483645
  PCTINCREASE 0 FREELISTS 1 FREELIST GROUPS 1
  BUFFER_POOL DEFAULT FLASH_CACHE DEFAULT CELL_FLASH_CACHE DEFAULT)
  TABLESPACE "USERS"  ENABLE;
--------------------------------------------------------
--  Constraints for Table INPATIENT_RECORD
--------------------------------------------------------

  ALTER TABLE "ASM312"."INPATIENT_RECORD" MODIFY ("IP_ID" NOT NULL ENABLE);
  ALTER TABLE "ASM312"."INPATIENT_RECORD" ADD PRIMARY KEY ("RECORD_ID")
  USING INDEX PCTFREE 10 INITRANS 2 MAXTRANS 255 COMPUTE STATISTICS 
  STORAGE(INITIAL 65536 NEXT 1048576 MINEXTENTS 1 MAXEXTENTS 2147483645
  PCTINCREASE 0 FREELISTS 1 FREELIST GROUPS 1
  BUFFER_POOL DEFAULT FLASH_CACHE DEFAULT CELL_FLASH_CACHE DEFAULT)
  TABLESPACE "USERS"  ENABLE;
--------------------------------------------------------
--  Constraints for Table MED_EFFECT
--------------------------------------------------------

  ALTER TABLE "ASM312"."MED_EFFECT" ADD CONSTRAINT "MED_EFFECT_PK" PRIMARY KEY ("MED_UC", "MED_EFFECT")
  USING INDEX PCTFREE 10 INITRANS 2 MAXTRANS 255 COMPUTE STATISTICS 
  STORAGE(INITIAL 65536 NEXT 1048576 MINEXTENTS 1 MAXEXTENTS 2147483645
  PCTINCREASE 0 FREELISTS 1 FREELIST GROUPS 1
  BUFFER_POOL DEFAULT FLASH_CACHE DEFAULT CELL_FLASH_CACHE DEFAULT)
  TABLESPACE "USERS"  ENABLE;
--------------------------------------------------------
--  Constraints for Table MEDICATION
--------------------------------------------------------

  ALTER TABLE "ASM312"."MEDICATION" MODIFY ("NAME" NOT NULL ENABLE);
  ALTER TABLE "ASM312"."MEDICATION" ADD PRIMARY KEY ("UNIQUE_CODE")
  USING INDEX PCTFREE 10 INITRANS 2 MAXTRANS 255 COMPUTE STATISTICS 
  STORAGE(INITIAL 65536 NEXT 1048576 MINEXTENTS 1 MAXEXTENTS 2147483645
  PCTINCREASE 0 FREELISTS 1 FREELIST GROUPS 1
  BUFFER_POOL DEFAULT FLASH_CACHE DEFAULT CELL_FLASH_CACHE DEFAULT)
  TABLESPACE "USERS"  ENABLE;
  ALTER TABLE "ASM312"."MEDICATION" ADD UNIQUE ("NAME")
  USING INDEX PCTFREE 10 INITRANS 2 MAXTRANS 255 COMPUTE STATISTICS 
  STORAGE(INITIAL 65536 NEXT 1048576 MINEXTENTS 1 MAXEXTENTS 2147483645
  PCTINCREASE 0 FREELISTS 1 FREELIST GROUPS 1
  BUFFER_POOL DEFAULT FLASH_CACHE DEFAULT CELL_FLASH_CACHE DEFAULT)
  TABLESPACE "USERS"  ENABLE;
--------------------------------------------------------
--  Constraints for Table MEDICINE
--------------------------------------------------------

  ALTER TABLE "ASM312"."MEDICINE" MODIFY ("EXPIRATION_DATE" NOT NULL ENABLE);
  ALTER TABLE "ASM312"."MEDICINE" MODIFY ("MEDICATION_UC" NOT NULL ENABLE);
  ALTER TABLE "ASM312"."MEDICINE" ADD PRIMARY KEY ("MED_ID")
  USING INDEX PCTFREE 10 INITRANS 2 MAXTRANS 255 COMPUTE STATISTICS 
  STORAGE(INITIAL 65536 NEXT 1048576 MINEXTENTS 1 MAXEXTENTS 2147483645
  PCTINCREASE 0 FREELISTS 1 FREELIST GROUPS 1
  BUFFER_POOL DEFAULT FLASH_CACHE DEFAULT CELL_FLASH_CACHE DEFAULT)
  TABLESPACE "USERS"  ENABLE;
--------------------------------------------------------
--  Constraints for Table NURSE
--------------------------------------------------------

  ALTER TABLE "ASM312"."NURSE" ADD PRIMARY KEY ("UNIQUE_CODE")
  USING INDEX PCTFREE 10 INITRANS 2 MAXTRANS 255 COMPUTE STATISTICS 
  STORAGE(INITIAL 65536 NEXT 1048576 MINEXTENTS 1 MAXEXTENTS 2147483645
  PCTINCREASE 0 FREELISTS 1 FREELIST GROUPS 1
  BUFFER_POOL DEFAULT FLASH_CACHE DEFAULT CELL_FLASH_CACHE DEFAULT)
  TABLESPACE "USERS"  ENABLE;
--------------------------------------------------------
--  Constraints for Table OUTPATIENT
--------------------------------------------------------

  ALTER TABLE "ASM312"."OUTPATIENT" MODIFY ("OPCODE" NOT NULL ENABLE);
  ALTER TABLE "ASM312"."OUTPATIENT" MODIFY ("FNAME" NOT NULL ENABLE);
  ALTER TABLE "ASM312"."OUTPATIENT" MODIFY ("LNAME" NOT NULL ENABLE);
  ALTER TABLE "ASM312"."OUTPATIENT" MODIFY ("PHONE_NO" NOT NULL ENABLE);
  ALTER TABLE "ASM312"."OUTPATIENT" ADD PRIMARY KEY ("ID")
  USING INDEX PCTFREE 10 INITRANS 2 MAXTRANS 255 COMPUTE STATISTICS 
  STORAGE(INITIAL 65536 NEXT 1048576 MINEXTENTS 1 MAXEXTENTS 2147483645
  PCTINCREASE 0 FREELISTS 1 FREELIST GROUPS 1
  BUFFER_POOL DEFAULT FLASH_CACHE DEFAULT CELL_FLASH_CACHE DEFAULT)
  TABLESPACE "USERS"  ENABLE;
  ALTER TABLE "ASM312"."OUTPATIENT" ADD UNIQUE ("PHONE_NO")
  USING INDEX PCTFREE 10 INITRANS 2 MAXTRANS 255 COMPUTE STATISTICS 
  STORAGE(INITIAL 65536 NEXT 1048576 MINEXTENTS 1 MAXEXTENTS 2147483645
  PCTINCREASE 0 FREELISTS 1 FREELIST GROUPS 1
  BUFFER_POOL DEFAULT FLASH_CACHE DEFAULT CELL_FLASH_CACHE DEFAULT)
  TABLESPACE "USERS"  ENABLE;
--------------------------------------------------------
--  Constraints for Table OUTPATIENT_RECORD
--------------------------------------------------------

  ALTER TABLE "ASM312"."OUTPATIENT_RECORD" MODIFY ("OP_ID" NOT NULL ENABLE);
  ALTER TABLE "ASM312"."OUTPATIENT_RECORD" ADD PRIMARY KEY ("RECORD_ID")
  USING INDEX PCTFREE 10 INITRANS 2 MAXTRANS 255 COMPUTE STATISTICS 
  STORAGE(INITIAL 65536 NEXT 1048576 MINEXTENTS 1 MAXEXTENTS 2147483645
  PCTINCREASE 0 FREELISTS 1 FREELIST GROUPS 1
  BUFFER_POOL DEFAULT FLASH_CACHE DEFAULT CELL_FLASH_CACHE DEFAULT)
  TABLESPACE "USERS"  ENABLE;
--------------------------------------------------------
--  Constraints for Table PHONE_NUMBER
--------------------------------------------------------

  ALTER TABLE "ASM312"."PHONE_NUMBER" ADD CONSTRAINT "PHONE_PK" PRIMARY KEY ("PHONE_NUM", "EMP_UC")
  USING INDEX PCTFREE 10 INITRANS 2 MAXTRANS 255 COMPUTE STATISTICS 
  STORAGE(INITIAL 65536 NEXT 1048576 MINEXTENTS 1 MAXEXTENTS 2147483645
  PCTINCREASE 0 FREELISTS 1 FREELIST GROUPS 1
  BUFFER_POOL DEFAULT FLASH_CACHE DEFAULT CELL_FLASH_CACHE DEFAULT)
  TABLESPACE "USERS"  ENABLE;
  ALTER TABLE "ASM312"."PHONE_NUMBER" ADD UNIQUE ("PHONE_NUM")
  USING INDEX PCTFREE 10 INITRANS 2 MAXTRANS 255 COMPUTE STATISTICS 
  STORAGE(INITIAL 65536 NEXT 1048576 MINEXTENTS 1 MAXEXTENTS 2147483645
  PCTINCREASE 0 FREELISTS 1 FREELIST GROUPS 1
  BUFFER_POOL DEFAULT FLASH_CACHE DEFAULT CELL_FLASH_CACHE DEFAULT)
  TABLESPACE "USERS"  ENABLE;
--------------------------------------------------------
--  Constraints for Table PROVIDE
--------------------------------------------------------

  ALTER TABLE "ASM312"."PROVIDE" MODIFY ("MED_ID" NOT NULL ENABLE);
  ALTER TABLE "ASM312"."PROVIDE" MODIFY ("PROV_NO" NOT NULL ENABLE);
  ALTER TABLE "ASM312"."PROVIDE" ADD CONSTRAINT "PROVIDE_PK" PRIMARY KEY ("MED_ID", "PROV_NO")
  USING INDEX PCTFREE 10 INITRANS 2 MAXTRANS 255 COMPUTE STATISTICS 
  STORAGE(INITIAL 65536 NEXT 1048576 MINEXTENTS 1 MAXEXTENTS 2147483645
  PCTINCREASE 0 FREELISTS 1 FREELIST GROUPS 1
  BUFFER_POOL DEFAULT FLASH_CACHE DEFAULT CELL_FLASH_CACHE DEFAULT)
  TABLESPACE "USERS"  ENABLE;
--------------------------------------------------------
--  Constraints for Table PROVIDER
--------------------------------------------------------

  ALTER TABLE "ASM312"."PROVIDER" MODIFY ("NAME" NOT NULL ENABLE);
  ALTER TABLE "ASM312"."PROVIDER" MODIFY ("PHONE" NOT NULL ENABLE);
  ALTER TABLE "ASM312"."PROVIDER" ADD PRIMARY KEY ("UNIQUE_NUMBER")
  USING INDEX PCTFREE 10 INITRANS 2 MAXTRANS 255 COMPUTE STATISTICS 
  STORAGE(INITIAL 65536 NEXT 1048576 MINEXTENTS 1 MAXEXTENTS 2147483645
  PCTINCREASE 0 FREELISTS 1 FREELIST GROUPS 1
  BUFFER_POOL DEFAULT FLASH_CACHE DEFAULT CELL_FLASH_CACHE DEFAULT)
  TABLESPACE "USERS"  ENABLE;
  ALTER TABLE "ASM312"."PROVIDER" ADD UNIQUE ("PHONE")
  USING INDEX PCTFREE 10 INITRANS 2 MAXTRANS 255 COMPUTE STATISTICS 
  STORAGE(INITIAL 65536 NEXT 1048576 MINEXTENTS 1 MAXEXTENTS 2147483645
  PCTINCREASE 0 FREELISTS 1 FREELIST GROUPS 1
  BUFFER_POOL DEFAULT FLASH_CACHE DEFAULT CELL_FLASH_CACHE DEFAULT)
  TABLESPACE "USERS"  ENABLE;
--------------------------------------------------------
--  Constraints for Table TREAT
--------------------------------------------------------

  ALTER TABLE "ASM312"."TREAT" MODIFY ("TREATMENT_ID" NOT NULL ENABLE);
  ALTER TABLE "ASM312"."TREAT" MODIFY ("DOCTOR_ID" NOT NULL ENABLE);
  ALTER TABLE "ASM312"."TREAT" MODIFY ("IP_ID" NOT NULL ENABLE);
  ALTER TABLE "ASM312"."TREAT" ADD CONSTRAINT "TREAT_PK" PRIMARY KEY ("TREATMENT_ID", "DOCTOR_ID")
  USING INDEX PCTFREE 10 INITRANS 2 MAXTRANS 255 COMPUTE STATISTICS 
  STORAGE(INITIAL 65536 NEXT 1048576 MINEXTENTS 1 MAXEXTENTS 2147483645
  PCTINCREASE 0 FREELISTS 1 FREELIST GROUPS 1
  BUFFER_POOL DEFAULT FLASH_CACHE DEFAULT CELL_FLASH_CACHE DEFAULT)
  TABLESPACE "USERS"  ENABLE;
--------------------------------------------------------
--  Constraints for Table TREAT_USE_MED
--------------------------------------------------------

  ALTER TABLE "ASM312"."TREAT_USE_MED" MODIFY ("DOSAGE" NOT NULL ENABLE);
  ALTER TABLE "ASM312"."TREAT_USE_MED" ADD CONSTRAINT "TREAT_USE_MED" PRIMARY KEY ("TREATMENT_ID", "MED_ID")
  USING INDEX PCTFREE 10 INITRANS 2 MAXTRANS 255 COMPUTE STATISTICS 
  STORAGE(INITIAL 65536 NEXT 1048576 MINEXTENTS 1 MAXEXTENTS 2147483645
  PCTINCREASE 0 FREELISTS 1 FREELIST GROUPS 1
  BUFFER_POOL DEFAULT FLASH_CACHE DEFAULT CELL_FLASH_CACHE DEFAULT)
  TABLESPACE "USERS"  ENABLE;
--------------------------------------------------------
--  Constraints for Table TREATMENT
--------------------------------------------------------

  ALTER TABLE "ASM312"."TREATMENT" MODIFY ("RESULT" NOT NULL ENABLE);
  ALTER TABLE "ASM312"."TREATMENT" MODIFY ("RECORD_ID" NOT NULL ENABLE);
  ALTER TABLE "ASM312"."TREATMENT" ADD PRIMARY KEY ("TREATMENT_ID")
  USING INDEX PCTFREE 10 INITRANS 2 MAXTRANS 255 COMPUTE STATISTICS 
  STORAGE(INITIAL 65536 NEXT 1048576 MINEXTENTS 1 MAXEXTENTS 2147483645
  PCTINCREASE 0 FREELISTS 1 FREELIST GROUPS 1
  BUFFER_POOL DEFAULT FLASH_CACHE DEFAULT CELL_FLASH_CACHE DEFAULT)
  TABLESPACE "USERS"  ENABLE;
--------------------------------------------------------
--  Constraints for Table USERS
--------------------------------------------------------

  ALTER TABLE "ASM312"."USERS" MODIFY ("USERNAME" NOT NULL ENABLE);
  ALTER TABLE "ASM312"."USERS" MODIFY ("PASSWORD" NOT NULL ENABLE);
  ALTER TABLE "ASM312"."USERS" ADD CONSTRAINT "USER_PK" PRIMARY KEY ("USERNAME", "PASSWORD")
  USING INDEX PCTFREE 10 INITRANS 2 MAXTRANS 255 COMPUTE STATISTICS 
  STORAGE(INITIAL 65536 NEXT 1048576 MINEXTENTS 1 MAXEXTENTS 2147483645
  PCTINCREASE 0 FREELISTS 1 FREELIST GROUPS 1
  BUFFER_POOL DEFAULT FLASH_CACHE DEFAULT CELL_FLASH_CACHE DEFAULT)
  TABLESPACE "USERS"  ENABLE;
--------------------------------------------------------
--  Ref Constraints for Table DEAN
--------------------------------------------------------

  ALTER TABLE "ASM312"."DEAN" ADD CONSTRAINT "DEAN_DOCTOR_FK" FOREIGN KEY ("UNIQUE_CODE")
	  REFERENCES "ASM312"."EMPLOYEE" ("UNIQUE_CODE") ON DELETE CASCADE ENABLE;
--------------------------------------------------------
--  Ref Constraints for Table DEPARTMENT
--------------------------------------------------------

  ALTER TABLE "ASM312"."DEPARTMENT" ADD CONSTRAINT "DEPT_DEAN_FK" FOREIGN KEY ("DEAN_UC")
	  REFERENCES "ASM312"."DEAN" ("UNIQUE_CODE") ON DELETE SET NULL DEFERRABLE ENABLE;
--------------------------------------------------------
--  Ref Constraints for Table DOCTOR
--------------------------------------------------------

  ALTER TABLE "ASM312"."DOCTOR" ADD CONSTRAINT "DOCTOR_EMP_FK" FOREIGN KEY ("UNIQUE_CODE")
	  REFERENCES "ASM312"."EMPLOYEE" ("UNIQUE_CODE") ON DELETE CASCADE ENABLE;
--------------------------------------------------------
--  Ref Constraints for Table EMPLOYEE
--------------------------------------------------------

  ALTER TABLE "ASM312"."EMPLOYEE" ADD CONSTRAINT "EMP_DEPT_FK" FOREIGN KEY ("DEPT_UC")
	  REFERENCES "ASM312"."DEPARTMENT" ("UNIQUE_CODE") ON DELETE SET NULL ENABLE;
--------------------------------------------------------
--  Ref Constraints for Table EXAM_USE_MED
--------------------------------------------------------

  ALTER TABLE "ASM312"."EXAM_USE_MED" ADD CONSTRAINT "USE_EXAM_FK" FOREIGN KEY ("EXAM_ID")
	  REFERENCES "ASM312"."EXAMINATION" ("EXAM_ID") ON DELETE CASCADE ENABLE;
  ALTER TABLE "ASM312"."EXAM_USE_MED" ADD CONSTRAINT "USE_EXAM_MED_FK" FOREIGN KEY ("MED_ID")
	  REFERENCES "ASM312"."MEDICATION" ("UNIQUE_CODE") ON DELETE CASCADE ENABLE;
--------------------------------------------------------
--  Ref Constraints for Table EXAMINATION
--------------------------------------------------------

  ALTER TABLE "ASM312"."EXAMINATION" ADD CONSTRAINT "EXAM_REC_FK" FOREIGN KEY ("RECORD_ID")
	  REFERENCES "ASM312"."OUTPATIENT_RECORD" ("RECORD_ID") ON DELETE SET NULL ENABLE;
--------------------------------------------------------
--  Ref Constraints for Table EXAMINE
--------------------------------------------------------

  ALTER TABLE "ASM312"."EXAMINE" ADD CONSTRAINT "EXAMINE_EXAM_FK" FOREIGN KEY ("EXAM_ID")
	  REFERENCES "ASM312"."EXAMINATION" ("EXAM_ID") ON DELETE CASCADE ENABLE;
  ALTER TABLE "ASM312"."EXAMINE" ADD CONSTRAINT "EXAMINE_DOCTOR_FK" FOREIGN KEY ("DOCTOR_ID")
	  REFERENCES "ASM312"."DOCTOR" ("UNIQUE_CODE") ON DELETE CASCADE ENABLE;
  ALTER TABLE "ASM312"."EXAMINE" ADD CONSTRAINT "EXAMINE_OP_FK" FOREIGN KEY ("OP_ID")
	  REFERENCES "ASM312"."OUTPATIENT" ("ID") ON DELETE CASCADE ENABLE;
--------------------------------------------------------
--  Ref Constraints for Table INPATIENT
--------------------------------------------------------

  ALTER TABLE "ASM312"."INPATIENT" ADD CONSTRAINT "IP_NURSE_FK" FOREIGN KEY ("NURSE_UC")
	  REFERENCES "ASM312"."NURSE" ("UNIQUE_CODE") ON DELETE SET NULL ENABLE;
--------------------------------------------------------
--  Ref Constraints for Table INPATIENT_RECORD
--------------------------------------------------------

  ALTER TABLE "ASM312"."INPATIENT_RECORD" ADD CONSTRAINT "RECORD_IP_FK" FOREIGN KEY ("IP_ID")
	  REFERENCES "ASM312"."INPATIENT" ("ID") ON DELETE SET NULL ENABLE;
--------------------------------------------------------
--  Ref Constraints for Table MED_EFFECT
--------------------------------------------------------

  ALTER TABLE "ASM312"."MED_EFFECT" ADD CONSTRAINT "EFFECT_MED_FK" FOREIGN KEY ("MED_UC")
	  REFERENCES "ASM312"."MEDICATION" ("UNIQUE_CODE") ENABLE;
--------------------------------------------------------
--  Ref Constraints for Table MEDICINE
--------------------------------------------------------

  ALTER TABLE "ASM312"."MEDICINE" ADD CONSTRAINT "MEDICINE_MED_FK" FOREIGN KEY ("MEDICATION_UC")
	  REFERENCES "ASM312"."MEDICATION" ("UNIQUE_CODE") ENABLE;
--------------------------------------------------------
--  Ref Constraints for Table NURSE
--------------------------------------------------------

  ALTER TABLE "ASM312"."NURSE" ADD CONSTRAINT "NURSE_EMP_FK" FOREIGN KEY ("UNIQUE_CODE")
	  REFERENCES "ASM312"."EMPLOYEE" ("UNIQUE_CODE") ON DELETE CASCADE ENABLE;
--------------------------------------------------------
--  Ref Constraints for Table OUTPATIENT_RECORD
--------------------------------------------------------

  ALTER TABLE "ASM312"."OUTPATIENT_RECORD" ADD CONSTRAINT "RECORD_OP_FK" FOREIGN KEY ("OP_ID")
	  REFERENCES "ASM312"."OUTPATIENT" ("ID") ON DELETE SET NULL ENABLE;
--------------------------------------------------------
--  Ref Constraints for Table PHONE_NUMBER
--------------------------------------------------------

  ALTER TABLE "ASM312"."PHONE_NUMBER" ADD CONSTRAINT "PHONE_EMP_FK" FOREIGN KEY ("EMP_UC")
	  REFERENCES "ASM312"."EMPLOYEE" ("UNIQUE_CODE") ON DELETE CASCADE ENABLE;
--------------------------------------------------------
--  Ref Constraints for Table PROVIDE
--------------------------------------------------------

  ALTER TABLE "ASM312"."PROVIDE" ADD CONSTRAINT "PROV_MED_FK" FOREIGN KEY ("MED_ID")
	  REFERENCES "ASM312"."MEDICINE" ("MED_ID") ON DELETE CASCADE ENABLE;
  ALTER TABLE "ASM312"."PROVIDE" ADD CONSTRAINT "PROV_PROVIDER_FK" FOREIGN KEY ("PROV_NO")
	  REFERENCES "ASM312"."PROVIDER" ("UNIQUE_NUMBER") ON DELETE CASCADE ENABLE;
--------------------------------------------------------
--  Ref Constraints for Table TREAT
--------------------------------------------------------

  ALTER TABLE "ASM312"."TREAT" ADD CONSTRAINT "TREAT_TREATMENT_FK" FOREIGN KEY ("TREATMENT_ID")
	  REFERENCES "ASM312"."TREATMENT" ("TREATMENT_ID") ON DELETE CASCADE ENABLE;
  ALTER TABLE "ASM312"."TREAT" ADD CONSTRAINT "TREAT_DOCTOR" FOREIGN KEY ("DOCTOR_ID")
	  REFERENCES "ASM312"."DOCTOR" ("UNIQUE_CODE") ON DELETE CASCADE ENABLE;
  ALTER TABLE "ASM312"."TREAT" ADD CONSTRAINT "TREAT_IP_FK" FOREIGN KEY ("IP_ID")
	  REFERENCES "ASM312"."INPATIENT" ("ID") ON DELETE CASCADE ENABLE;
--------------------------------------------------------
--  Ref Constraints for Table TREAT_USE_MED
--------------------------------------------------------

  ALTER TABLE "ASM312"."TREAT_USE_MED" ADD CONSTRAINT "USE_TREATMENT_FK" FOREIGN KEY ("TREATMENT_ID")
	  REFERENCES "ASM312"."TREATMENT" ("TREATMENT_ID") ON DELETE CASCADE ENABLE;
  ALTER TABLE "ASM312"."TREAT_USE_MED" ADD CONSTRAINT "USE_TREAT_MED_FK" FOREIGN KEY ("MED_ID")
	  REFERENCES "ASM312"."MEDICATION" ("UNIQUE_CODE") ON DELETE CASCADE ENABLE;
--------------------------------------------------------
--  Ref Constraints for Table TREATMENT
--------------------------------------------------------

  ALTER TABLE "ASM312"."TREATMENT" ADD CONSTRAINT "TREAT_REC_FK" FOREIGN KEY ("RECORD_ID")
	  REFERENCES "ASM312"."INPATIENT_RECORD" ("RECORD_ID") ON DELETE SET NULL ENABLE;
